scope,n_rows,timestamp_start,timestamp_end,expected_steps_10min,n_missing_timestamps,coverage_ratio
overall,292447,2021-01-01 00:00:00,2026-12-07 23:50:00,312048,19601,0.937186
year_2021,52560,2021-01-01 00:00:00,2021-12-31 23:50:00,52560,0,1.0
year_2022,52560,2022-01-01 00:00:00,2022-12-31 23:50:00,52560,0,1.0
year_2023,52560,2023-01-01 00:00:00,2023-12-31 23:50:00,52560,0,1.0
year_2024,52704,2024-01-01 00:00:00,2024-12-31 23:50:00,52704,0,1.0
year_2025,52560,2025-01-01 00:00:00,2025-12-31 23:50:00,52560,0,1.0
year_2026,29503,2026-01-01 00:00:00,2026-12-07 23:50:00,49104,19601,0.600827
month_2021-01,4464,2021-01-01 00:00:00,2021-01-31 23:50:00,4464,0,1.0
month_2021-02,4032,2021-02-01 00:00:00,2021-02-28 23:50:00,4032,0,1.0
month_2021-03,4464,2021-03-01 00:00:00,2021-03-31 23:50:00,4464,0,1.0
month_2021-04,4320,2021-04-01 00:00:00,2021-04-30 23:50:00,4320,0,1.0
month_2021-05,4464,2021-05-01 00:00:00,2021-05-31 23:50:00,4464,0,1.0
month_2021-06,4320,2021-06-01 00:00:00,2021-06-30 23:50:00,4320,0,1.0
month_2021-07,4464,2021-07-01 00:00:00,2021-07-31 23:50:00,4464,0,1.0
month_2021-08,4464,2021-08-01 00:00:00,2021-08-31 23:50:00,4464,0,1.0
month_2021-09,4320,2021-09-01 00:00:00,2021-09-30 23:50:00,4320,0,1.0
month_2021-10,4464,2021-10-01 00:00:00,2021-10-31 23:50:00,4464,0,1.0
month_2021-11,4320,2021-11-01 00:00:00,2021-11-30 23:50:00,4320,0,1.0
month_2021-12,4464,2021-12-01 00:00:00,2021-12-31 23:50:00,4464,0,1.0
month_2022-01,4464,2022-01-01 00:00:00,2022-01-31 23:50:00,4464,0,1.0
month_2022-02,4032,2022-02-01 00:00:00,2022-02-28 23:50:00,4032,0,1.0
month_2022-03,4464,2022-03-01 00:00:00,2022-03-31 23:50:00,4464,0,1.0
month_2022-04,4320,2022-04-01 00:00:00,2022-04-30 23:50:00,4320,0,1.0
month_2022-05,4464,2022-05-01 00:00:00,2022-05-31 23:50:00,4464,0,1.0
month_2022-06,4320,2022-06-01 00:00:00,2022-06-30 23:50:00,4320,0,1.0
month_2022-07,4464,2022-07-01 00:00:00,2022-07-31 23:50:00,4464,0,1.0
month_2022-08,4464,2022-08-01 00:00:00,2022-08-31 23:50:00,4464,0,1.0
month_2022-09,4320,2022-09-01 00:00:00,2022-09-30 23:50:00,4320,0,1.0
month_2022-10,4464,2022-10-01 00:00:00,2022-10-31 23:50:00,4464,0,1.0
month_2022-11,4320,2022-11-01 00:00:00,2022-11-30 23:50:00,4320,0,1.0
month_2022-12,4464,2022-12-01 00:00:00,2022-12-31 23:50:00,4464,0,1.0
month_2023-01,4464,2023-01-01 00:00:00,2023-01-31 23:50:00,4464,0,1.0
month_2023-02,4032,2023-02-01 00:00:00,2023-02-28 23:50:00,4032,0,1.0
month_2023-03,4464,2023-03-01 00:00:00,2023-03-31 23:50:00,4464,0,1.0
month_2023-04,4320,2023-04-01 00:00:00,2023-04-30 23:50:00,4320,0,1.0
month_2023-05,4464,2023-05-01 00:00:00,2023-05-31 23:50:00,4464,0,1.0
month_2023-06,4320,2023-06-01 00:00:00,2023-06-30 23:50:00,4320,0,1.0
month_2023-07,4464,2023-07-01 00:00:00,2023-07-31 23:50:00,4464,0,1.0
month_2023-08,4464,2023-08-01 00:00:00,2023-08-31 23:50:00,4464,0,1.0
month_2023-09,4320,2023-09-01 00:00:00,2023-09-30 23:50:00,4320,0,1.0
month_2023-10,4464,2023-10-01 00:00:00,2023-10-31 23:50:00,4464,0,1.0
month_2023-11,4320,2023-11-01 00:00:00,2023-11-30 23:50:00,4320,0,1.0
month_2023-12,4464,2023-12-01 00:00:00,2023-12-31 23:50:00,4464,0,1.0
month_2024-01,4464,2024-01-01 00:00:00,2024-01-31 23:50:00,4464,0,1.0
month_2024-02,4176,2024-02-01 00:00:00,2024-02-29 23:50:00,4176,0,1.0
month_2024-03,4464,2024-03-01 00:00:00,2024-03-31 23:50:00,4464,0,1.0
month_2024-04,4320,2024-04-01 00:00:00,2024-04-30 23:50:00,4320,0,1.0
month_2024-05,4464,2024-05-01 00:00:00,2024-05-31 23:50:00,4464,0,1.0
month_2024-06,4320,2024-06-01 00:00:00,2024-06-30 23:50:00,4320,0,1.0
month_2024-07,4464,2024-07-01 00:00:00,2024-07-31 23:50:00,4464,0,1.0
month_2024-08,4464,2024-08-01 00:00:00,2024-08-31 23:50:00,4464,0,1.0
month_2024-09,4320,2024-09-01 00:00:00,2024-09-30 23:50:00,4320,0,1.0
month_2024-10,4464,2024-10-01 00:00:00,2024-10-31 23:50:00,4464,0,1.0
month_2024-11,4320,2024-11-01 00:00:00,2024-11-30 23:50:00,4320,0,1.0
month_2024-12,4464,2024-12-01 00:00:00,2024-12-31 23:50:00,4464,0,1.0
month_2025-01,4464,2025-01-01 00:00:00,2025-01-31 23:50:00,4464,0,1.0
month_2025-02,4032,2025-02-01 00:00:00,2025-02-28 23:50:00,4032,0,1.0
month_2025-03,4464,2025-03-01 00:00:00,2025-03-31 23:50:00,4464,0,1.0
month_2025-04,4320,2025-04-01 00:00:00,2025-04-30 23:50:00,4320,0,1.0
month_2025-05,4464,2025-05-01 00:00:00,2025-05-31 23:50:00,4464,0,1.0
month_2025-06,4320,2025-06-01 00:00:00,2025-06-30 23:50:00,4320,0,1.0
month_2025-07,4464,2025-07-01 00:00:00,2025-07-31 23:50:00,4464,0,1.0
month_2025-08,4464,2025-08-01 00:00:00,2025-08-31 23:50:00,4464,0,1.0
month_2025-09,4320,2025-09-01 00:00:00,2025-09-30 23:50:00,4320,0,1.0
month_2025-10,4464,2025-10-01 00:00:00,2025-10-31 23:50:00,4464,0,1.0
month_2025-11,4320,2025-11-01 00:00:00,2025-11-30 23:50:00,4320,0,1.0
month_2025-12,4464,2025-12-01 00:00:00,2025-12-31 23:50:00,4464,0,1.0
month_2026-01,3744,2026-01-01 00:00:00,2026-01-31 23:50:00,4464,720,0.83871
month_2026-02,3312,2026-02-01 00:00:00,2026-02-28 23:50:00,4032,720,0.821429
month_2026-03,3744,2026-03-01 00:00:00,2026-03-31 23:50:00,4464,720,0.83871
month_2026-04,3600,2026-04-01 00:00:00,2026-04-30 23:50:00,4320,720,0.833333
month_2026-05,3744,2026-05-01 00:00:00,2026-05-31 23:50:00,4464,720,0.83871
month_2026-06,3600,2026-06-01 00:00:00,2026-06-30 23:50:00,4320,720,0.833333
month_2026-07,2719,2026-07-01 00:00:00,2026-07-24 21:00:00,3439,720,0.790637
month_2026-08,1008,2026-08-01 00:00:00,2026-08-07 23:50:00,1008,0,1.0
month_2026-09,1008,2026-09-01 00:00:00,2026-09-07 23:50:00,1008,0,1.0
month_2026-10,1008,2026-10-01 00:00:00,2026-10-07 23:50:00,1008,0,1.0
month_2026-11,1008,2026-11-01 00:00:00,2026-11-07 23:50:00,1008,0,1.0
month_2026-12,1008,2026-12-01 00:00:00,2026-12-07 23:50:00,1008,0,1.0
