fold,model,target,mae,rmse,r2,n_val
1,xgboost,TB01_power_target_10min,108.4362,166.3577,0.9312,46065
1,lightgbm,TB01_power_target_10min,105.835,164.7634,0.9326,46065
2,xgboost,TB01_power_target_10min,102.1168,158.3287,0.9361,43797
2,lightgbm,TB01_power_target_10min,100.4749,156.8267,0.9373,43797
3,xgboost,TB01_power_target_10min,102.9216,156.8862,0.9425,36099
3,lightgbm,TB01_power_target_10min,97.9074,154.7133,0.944,36099
1,xgboost,TB01_power_target_30min,202.4702,283.0099,0.801,46060
1,lightgbm,TB01_power_target_30min,191.4608,273.4834,0.8142,46060
2,xgboost,TB01_power_target_30min,196.9654,272.2541,0.8109,43793
2,lightgbm,TB01_power_target_30min,178.2461,260.3785,0.8271,43793
3,xgboost,TB01_power_target_30min,191.8733,268.3624,0.8317,36088
3,lightgbm,TB01_power_target_30min,176.3698,260.7253,0.8412,36088
1,xgboost,TB01_power_target_1hour,279.914,369.2814,0.6613,46049
1,lightgbm,TB01_power_target_1hour,256.7948,348.4617,0.6984,46049
2,xgboost,TB01_power_target_1hour,258.8004,345.9699,0.6947,43795
2,lightgbm,TB01_power_target_1hour,235.3652,329.5875,0.7229,43795
3,xgboost,TB01_power_target_1hour,266.2851,353.8966,0.7074,36076
3,lightgbm,TB01_power_target_1hour,245.9838,341.5479,0.7275,36076
1,xgboost,TB01_power_target_6hour,425.1424,525.8201,0.3147,46027
1,lightgbm,TB01_power_target_6hour,408.091,510.2877,0.3546,46027
2,xgboost,TB01_power_target_6hour,384.8306,484.8748,0.4006,43745
2,lightgbm,TB01_power_target_6hour,375.7671,479.7173,0.4133,43745
3,xgboost,TB01_power_target_6hour,402.5087,504.0844,0.4069,35994
3,lightgbm,TB01_power_target_6hour,386.4574,492.5065,0.4339,35994
1,xgboost,TB01_power_target_24hour,473.5362,584.606,0.1526,46022
1,lightgbm,TB01_power_target_24hour,460.3741,576.4493,0.1761,46022
2,xgboost,TB01_power_target_24hour,472.6335,569.2289,0.1699,45624
2,lightgbm,TB01_power_target_24hour,454.2651,557.6492,0.2034,45624
3,xgboost,TB01_power_target_24hour,491.1588,600.5093,0.1774,44198
3,lightgbm,TB01_power_target_24hour,475.5491,593.9363,0.1953,44198
1,xgboost,TB02_power_target_10min,103.9381,163.0337,0.9331,46066
1,lightgbm,TB02_power_target_10min,102.893,161.9094,0.9341,46066
2,xgboost,TB02_power_target_10min,97.5455,149.9143,0.9394,43795
2,lightgbm,TB02_power_target_10min,95.6691,148.6724,0.9404,43795
3,xgboost,TB02_power_target_10min,97.5145,152.3718,0.945,36095
3,lightgbm,TB02_power_target_10min,96.4298,151.9607,0.9453,36095
1,xgboost,TB02_power_target_30min,192.1295,272.4446,0.8133,46062
1,lightgbm,TB02_power_target_30min,181.7448,266.2152,0.8217,46062
2,xgboost,TB02_power_target_30min,179.8961,254.6098,0.8253,43790
2,lightgbm,TB02_power_target_30min,167.0772,245.2959,0.8379,43790
3,xgboost,TB02_power_target_30min,176.6617,259.5802,0.8405,36088
3,lightgbm,TB02_power_target_30min,171.8237,256.1271,0.8447,36088
1,xgboost,TB02_power_target_1hour,256.5742,347.1479,0.6971,46050
1,lightgbm,TB02_power_target_1hour,241.54,335.8195,0.7165,46050
2,xgboost,TB02_power_target_1hour,234.7487,319.4581,0.7251,43778
2,lightgbm,TB02_power_target_1hour,225.424,312.6071,0.7368,43778
3,xgboost,TB02_power_target_1hour,239.2995,336.1594,0.7325,36075
3,lightgbm,TB02_power_target_1hour,234.4926,333.2294,0.7372,36075
1,xgboost,TB02_power_target_6hour,400.0033,506.5065,0.3562,46033
1,lightgbm,TB02_power_target_6hour,387.0376,495.1173,0.3849,46033
2,xgboost,TB02_power_target_6hour,362.3372,463.1521,0.4227,43748
2,lightgbm,TB02_power_target_6hour,354.2963,457.4034,0.437,43748
3,xgboost,TB02_power_target_6hour,379.3391,488.0354,0.4355,36046
3,lightgbm,TB02_power_target_6hour,369.9054,483.6628,0.4456,36046
1,xgboost,TB02_power_target_24hour,454.7483,571.9997,0.1777,46054
1,lightgbm,TB02_power_target_24hour,450.8291,567.6933,0.1901,46054
2,xgboost,TB02_power_target_24hour,441.6276,542.7978,0.2019,45646
2,lightgbm,TB02_power_target_24hour,437.0979,537.4237,0.2177,45646
3,xgboost,TB02_power_target_24hour,463.6093,579.4493,0.2066,44295
3,lightgbm,TB02_power_target_24hour,459.5913,578.0691,0.2104,44295
1,xgboost,TB03_power_target_10min,114.8883,183.7438,0.9132,46067
1,lightgbm,TB03_power_target_10min,113.7928,182.4286,0.9145,46067
2,xgboost,TB03_power_target_10min,109.3941,170.2665,0.9193,43794
2,lightgbm,TB03_power_target_10min,103.0248,164.8449,0.9244,43794
3,xgboost,TB03_power_target_10min,107.5172,168.9951,0.9301,36096
3,lightgbm,TB03_power_target_10min,104.7688,166.9828,0.9317,36096
1,xgboost,TB03_power_target_30min,198.6872,287.0659,0.7882,46039
1,lightgbm,TB03_power_target_30min,195.9346,282.9354,0.7943,46039
2,xgboost,TB03_power_target_30min,187.5581,269.289,0.7982,43766
2,lightgbm,TB03_power_target_30min,179.5653,264.0372,0.806,43766
3,xgboost,TB03_power_target_30min,193.269,278.3978,0.8102,36093
3,lightgbm,TB03_power_target_30min,186.2864,274.1984,0.8159,36093
1,xgboost,TB03_power_target_1hour,289.709,385.6301,0.6179,46018
1,lightgbm,TB03_power_target_1hour,259.9318,355.5687,0.6752,46018
2,xgboost,TB03_power_target_1hour,254.0463,342.9483,0.6728,43745
2,lightgbm,TB03_power_target_1hour,236.8441,330.6304,0.6959,43745
3,xgboost,TB03_power_target_1hour,271.5194,359.9105,0.6827,36087
3,lightgbm,TB03_power_target_1hour,252.7575,348.0716,0.7033,36087
1,xgboost,TB03_power_target_6hour,424.9072,530.5141,0.2784,45892
1,lightgbm,TB03_power_target_6hour,413.3342,521.0994,0.3038,45892
2,xgboost,TB03_power_target_6hour,383.9235,482.3138,0.3535,43579
2,lightgbm,TB03_power_target_6hour,359.3588,465.1023,0.3988,43579
3,xgboost,TB03_power_target_6hour,400.6135,504.1661,0.3758,36054
3,lightgbm,TB03_power_target_6hour,388.8712,498.375,0.3901,36054
1,xgboost,TB03_power_target_24hour,490.8002,596.1087,0.089,45569
1,lightgbm,TB03_power_target_24hour,466.4597,577.2033,0.1459,45569
2,xgboost,TB03_power_target_24hour,461.7466,556.8326,0.1308,44902
2,lightgbm,TB03_power_target_24hour,446.8999,544.7901,0.168,44902
3,xgboost,TB03_power_target_24hour,489.545,592.2301,0.1449,44284
3,lightgbm,TB03_power_target_24hour,469.4383,580.2689,0.1791,44284
1,xgboost,TB04_power_target_10min,106.4961,167.5082,0.9324,46068
1,lightgbm,TB04_power_target_10min,104.7258,166.9013,0.9329,46068
2,xgboost,TB04_power_target_10min,98.8316,154.7749,0.9415,43804
2,lightgbm,TB04_power_target_10min,95.2344,152.5503,0.9432,43804
3,xgboost,TB04_power_target_10min,101.8323,154.8678,0.947,36099
3,lightgbm,TB04_power_target_10min,102.1477,154.7109,0.9471,36099
1,xgboost,TB04_power_target_30min,196.4784,279.8394,0.8113,46067
1,lightgbm,TB04_power_target_30min,186.4203,272.4441,0.8211,46067
2,xgboost,TB04_power_target_30min,190.4239,265.7885,0.8275,43794
2,lightgbm,TB04_power_target_30min,174.826,254.9823,0.8412,43794
3,xgboost,TB04_power_target_30min,184.7994,265.9547,0.8439,36097
3,lightgbm,TB04_power_target_30min,179.2219,260.8892,0.8498,36097
1,xgboost,TB04_power_target_1hour,257.4245,350.3231,0.7043,46058
1,lightgbm,TB04_power_target_1hour,245.756,343.085,0.7164,46058
2,xgboost,TB04_power_target_1hour,243.8596,333.4271,0.7285,43785
2,lightgbm,TB04_power_target_1hour,231.1822,324.6619,0.7426,43785
3,xgboost,TB04_power_target_1hour,260.3553,352.232,0.7263,36085
3,lightgbm,TB04_power_target_1hour,242.8185,342.0199,0.7419,36085
1,xgboost,TB04_power_target_6hour,414.8378,522.4132,0.3434,46045
1,lightgbm,TB04_power_target_6hour,404.6309,513.8889,0.3646,46045
2,xgboost,TB04_power_target_6hour,373.4397,481.294,0.4337,43769
2,lightgbm,TB04_power_target_6hour,362.9941,472.9185,0.4532,43769
3,xgboost,TB04_power_target_6hour,393.8066,505.481,0.436,36059
3,lightgbm,TB04_power_target_6hour,386.3217,500.4349,0.4472,36059
1,xgboost,TB04_power_target_24hour,467.255,585.152,0.1757,46054
1,lightgbm,TB04_power_target_24hour,459.5062,581.6344,0.1856,46054
2,xgboost,TB04_power_target_24hour,459.5398,564.2464,0.2173,45680
2,lightgbm,TB04_power_target_24hour,446.0525,555.011,0.2428,45680
3,xgboost,TB04_power_target_24hour,487.9843,608.2816,0.2056,44283
3,lightgbm,TB04_power_target_24hour,484.8211,606.5727,0.2101,44283
1,xgboost,TB05_power_target_10min,119.4057,176.8143,0.9259,46073
1,lightgbm,TB05_power_target_10min,108.4285,170.8777,0.9308,46073
2,xgboost,TB05_power_target_10min,103.955,164.4355,0.9353,43793
2,lightgbm,TB05_power_target_10min,102.2452,162.2637,0.937,43793
3,xgboost,TB05_power_target_10min,106.5602,172.9141,0.9333,36049
3,lightgbm,TB05_power_target_10min,105.4514,170.3734,0.9353,36049
1,xgboost,TB05_power_target_30min,192.256,279.4858,0.8149,46072
1,lightgbm,TB05_power_target_30min,192.0452,279.1259,0.8154,46072
2,xgboost,TB05_power_target_30min,196.5876,273.3191,0.8213,43776
2,lightgbm,TB05_power_target_30min,189.6373,267.8238,0.8284,43776
3,xgboost,TB05_power_target_30min,198.2462,284.5431,0.8194,36061
3,lightgbm,TB05_power_target_30min,190.2657,279.0257,0.8263,36061
1,xgboost,TB05_power_target_1hour,265.4964,360.2323,0.6927,46052
1,lightgbm,TB05_power_target_1hour,253.3191,352.1844,0.7063,46052
2,xgboost,TB05_power_target_1hour,250.0056,340.05,0.7235,43742
2,lightgbm,TB05_power_target_1hour,238.3664,333.6607,0.7338,43742
3,xgboost,TB05_power_target_1hour,276.2151,368.676,0.6966,36024
3,lightgbm,TB05_power_target_1hour,259.1631,356.8928,0.7157,36024
1,xgboost,TB05_power_target_6hour,473.3485,577.5363,0.2115,46052
1,lightgbm,TB05_power_target_6hour,462.0624,566.3157,0.2419,46052
2,xgboost,TB05_power_target_6hour,393.6692,496.7266,0.4111,43507
2,lightgbm,TB05_power_target_6hour,388.6042,496.532,0.4116,43507
3,xgboost,TB05_power_target_6hour,417.0936,521.0944,0.3931,35648
3,lightgbm,TB05_power_target_6hour,406.5999,517.882,0.4006,35648
1,xgboost,TB05_power_target_24hour,502.6606,611.6724,0.1148,46052
1,lightgbm,TB05_power_target_24hour,492.3846,605.4052,0.1329,46052
2,xgboost,TB05_power_target_24hour,504.5443,600.7229,0.1398,42756
2,lightgbm,TB05_power_target_24hour,487.1303,584.5596,0.1854,42756
3,xgboost,TB05_power_target_24hour,498.3966,606.4831,0.1636,34574
3,lightgbm,TB05_power_target_24hour,491.3841,602.408,0.1748,34574
1,xgboost,TB06_power_target_10min,111.7501,172.3899,0.9187,46072
1,lightgbm,TB06_power_target_10min,104.2919,168.1368,0.9226,46072
2,xgboost,TB06_power_target_10min,96.9638,155.6489,0.9317,43798
2,lightgbm,TB06_power_target_10min,96.875,154.0098,0.9331,43798
3,xgboost,TB06_power_target_10min,108.1167,160.3517,0.9356,36094
3,lightgbm,TB06_power_target_10min,99.8847,155.6223,0.9394,36094
1,xgboost,TB06_power_target_30min,185.7227,271.8648,0.7977,46065
1,lightgbm,TB06_power_target_30min,178.3565,266.934,0.805,46065
2,xgboost,TB06_power_target_30min,177.495,253.0333,0.8195,43791
2,lightgbm,TB06_power_target_30min,170.891,250.8608,0.8226,43791
3,xgboost,TB06_power_target_30min,182.6754,259.7085,0.8312,36085
3,lightgbm,TB06_power_target_30min,177.7681,257.2201,0.8344,36085
1,xgboost,TB06_power_target_1hour,247.4174,339.7695,0.6841,46056
1,lightgbm,TB06_power_target_1hour,236.4763,332.2063,0.698,46056
2,xgboost,TB06_power_target_1hour,236.0859,321.9596,0.7077,43782
2,lightgbm,TB06_power_target_1hour,219.6018,314.4662,0.7212,43782
3,xgboost,TB06_power_target_1hour,251.1093,340.4988,0.7098,36070
3,lightgbm,TB06_power_target_1hour,239.6864,334.3796,0.7201,36070
1,xgboost,TB06_power_target_6hour,398.5603,503.6343,0.3079,46049
1,lightgbm,TB06_power_target_6hour,386.0671,493.2046,0.3362,46049
2,xgboost,TB06_power_target_6hour,346.1763,453.4238,0.4189,43754
2,lightgbm,TB06_power_target_6hour,342.1853,451.3586,0.4241,43754
3,xgboost,TB06_power_target_6hour,376.9055,485.9448,0.4081,36044
3,lightgbm,TB06_power_target_6hour,367.1372,479.5353,0.4236,36044
1,xgboost,TB06_power_target_24hour,442.4061,553.4209,0.1634,46032
1,lightgbm,TB06_power_target_24hour,431.2174,546.228,0.185,46032
2,xgboost,TB06_power_target_24hour,447.3114,544.1188,0.1611,45643
2,lightgbm,TB06_power_target_24hour,429.7279,530.1761,0.2035,45643
3,xgboost,TB06_power_target_24hour,456.0316,567.7777,0.1985,44290
3,lightgbm,TB06_power_target_24hour,448.9083,563.1521,0.2115,44290
1,xgboost,TB07_power_target_10min,115.9342,174.3003,0.9175,46073
1,lightgbm,TB07_power_target_10min,107.6382,169.2534,0.9222,46073
2,xgboost,TB07_power_target_10min,101.7107,157.9166,0.9283,43799
2,lightgbm,TB07_power_target_10min,101.5487,157.2924,0.9289,43799
3,xgboost,TB07_power_target_10min,109.4097,172.5747,0.9235,36094
3,lightgbm,TB07_power_target_10min,108.5922,170.1137,0.9257,36094
1,xgboost,TB07_power_target_30min,190.9108,274.8045,0.7948,46073
1,lightgbm,TB07_power_target_30min,187.5586,272.1294,0.7988,46073
2,xgboost,TB07_power_target_30min,173.5722,254.4752,0.8138,43797
2,lightgbm,TB07_power_target_30min,173.7109,253.4267,0.8153,43797
3,xgboost,TB07_power_target_30min,186.9097,268.488,0.8148,36090
3,lightgbm,TB07_power_target_30min,186.5406,267.9926,0.8155,36090
1,xgboost,TB07_power_target_1hour,256.4757,347.022,0.673,46065
1,lightgbm,TB07_power_target_1hour,245.4508,338.6887,0.6885,46065
2,xgboost,TB07_power_target_1hour,237.6482,324.4786,0.6973,43788
2,lightgbm,TB07_power_target_1hour,227.7467,317.785,0.7097,43788
3,xgboost,TB07_power_target_1hour,253.1792,347.0207,0.6905,36078
3,lightgbm,TB07_power_target_1hour,247.6403,342.657,0.6982,36078
1,xgboost,TB07_power_target_6hour,393.0087,496.0947,0.3334,46053
1,lightgbm,TB07_power_target_6hour,380.5147,485.3609,0.362,46053
2,xgboost,TB07_power_target_6hour,361.8788,463.6587,0.3816,43760
2,lightgbm,TB07_power_target_6hour,350.7123,454.8371,0.4049,43760
3,xgboost,TB07_power_target_6hour,378.0669,482.0869,0.3996,36005
3,lightgbm,TB07_power_target_6hour,364.8538,475.3743,0.4162,36005
1,xgboost,TB07_power_target_24hour,454.7695,564.2867,0.1366,46035
1,lightgbm,TB07_power_target_24hour,442.5004,557.5508,0.1571,46035
2,xgboost,TB07_power_target_24hour,444.271,540.6035,0.1598,43761
2,lightgbm,TB07_power_target_24hour,444.2498,540.0846,0.1614,43761
3,xgboost,TB07_power_target_24hour,447.4478,559.3391,0.1719,36023
3,lightgbm,TB07_power_target_24hour,450.2576,555.2942,0.1839,36023
1,xgboost,TB08_power_target_10min,100.5603,160.0505,0.9334,46072
1,lightgbm,TB08_power_target_10min,103.6107,160.481,0.9331,46072
2,xgboost,TB08_power_target_10min,96.5927,154.8389,0.9337,43798
2,lightgbm,TB08_power_target_10min,98.7345,154.9033,0.9336,43798
3,xgboost,TB08_power_target_10min,98.4175,154.2899,0.9422,36094
3,lightgbm,TB08_power_target_10min,96.3072,152.056,0.9439,36094
1,xgboost,TB08_power_target_30min,183.59,264.543,0.8181,46071
1,lightgbm,TB08_power_target_30min,179.485,260.8126,0.8232,46071
2,xgboost,TB08_power_target_30min,180.9776,259.3272,0.814,43793
2,lightgbm,TB08_power_target_30min,167.8189,252.4538,0.8237,43793
3,xgboost,TB08_power_target_30min,182.7995,262.7283,0.8324,36090
3,lightgbm,TB08_power_target_30min,172.6569,256.8978,0.8397,36090
1,xgboost,TB08_power_target_1hour,248.8273,337.3179,0.7044,46063
1,lightgbm,TB08_power_target_1hour,236.8551,328.3025,0.72,46063
2,xgboost,TB08_power_target_1hour,234.5901,325.6899,0.7065,43781
2,lightgbm,TB08_power_target_1hour,215.0368,315.8956,0.7239,43781
3,xgboost,TB08_power_target_1hour,234.9475,334.1823,0.7287,36081
3,lightgbm,TB08_power_target_1hour,230.7887,331.338,0.7333,36081
1,xgboost,TB08_power_target_6hour,397.9828,503.8177,0.3424,46044
1,lightgbm,TB08_power_target_6hour,389.2457,493.3753,0.3694,46044
2,xgboost,TB08_power_target_6hour,349.2126,458.6644,0.4173,43740
2,lightgbm,TB08_power_target_6hour,341.4019,453.4238,0.4305,43740
3,xgboost,TB08_power_target_6hour,375.127,485.7067,0.426,36050
3,lightgbm,TB08_power_target_6hour,362.9542,479.7351,0.44,36050
1,xgboost,TB08_power_target_24hour,455.0526,567.5692,0.1639,46071
1,lightgbm,TB08_power_target_24hour,437.4387,556.5878,0.196,46071
2,xgboost,TB08_power_target_24hour,462.2578,559.5172,0.1281,45679
2,lightgbm,TB08_power_target_24hour,438.9947,538.5476,0.1923,45679
3,xgboost,TB08_power_target_24hour,457.3196,570.4403,0.2141,44291
3,lightgbm,TB08_power_target_24hour,449.8364,564.3042,0.231,44291
1,xgboost,TB09_power_target_10min,111.6087,168.2864,0.9285,46073
1,lightgbm,TB09_power_target_10min,101.7019,160.3497,0.9351,46073
2,xgboost,TB09_power_target_10min,102.262,162.3134,0.9306,43803
2,lightgbm,TB09_power_target_10min,98.5749,159.247,0.9332,43803
3,xgboost,TB09_power_target_10min,107.404,167.3885,0.9318,36098
3,lightgbm,TB09_power_target_10min,102.3544,167.5206,0.9317,36098
1,xgboost,TB09_power_target_30min,191.5797,271.8963,0.8134,46061
1,lightgbm,TB09_power_target_30min,182.7419,264.3881,0.8236,46061
2,xgboost,TB09_power_target_30min,178.5978,268.1225,0.8105,43797
2,lightgbm,TB09_power_target_30min,178.5593,264.9587,0.815,43797
3,xgboost,TB09_power_target_30min,180.8443,274.4753,0.8167,36087
3,lightgbm,TB09_power_target_30min,176.3398,265.1526,0.8289,36087
1,xgboost,TB09_power_target_1hour,250.5355,341.4603,0.7058,46058
1,lightgbm,TB09_power_target_1hour,242.701,334.4537,0.7177,46058
2,xgboost,TB09_power_target_1hour,246.7295,332.8111,0.708,43791
2,lightgbm,TB09_power_target_1hour,229.298,323.2255,0.7246,43791
3,xgboost,TB09_power_target_1hour,265.5813,360.7968,0.6833,36066
3,lightgbm,TB09_power_target_1hour,243.403,347.8055,0.7057,36066
1,xgboost,TB09_power_target_6hour,393.8711,503.3625,0.3619,46041
1,lightgbm,TB09_power_target_6hour,390.0861,500.4214,0.3694,46041
2,xgboost,TB09_power_target_6hour,343.6658,456.4099,0.4513,43778
2,lightgbm,TB09_power_target_6hour,338.5207,451.1549,0.4639,43778
3,xgboost,TB09_power_target_6hour,365.7354,481.4221,0.4359,36000
3,lightgbm,TB09_power_target_6hour,356.3554,474.8892,0.4511,36000
1,xgboost,TB09_power_target_24hour,448.6284,568.0312,0.1869,46062
1,lightgbm,TB09_power_target_24hour,437.5398,561.255,0.2061,46062
2,xgboost,TB09_power_target_24hour,449.4213,548.6046,0.2018,45695
2,lightgbm,TB09_power_target_24hour,430.6145,537.2962,0.2343,45695
3,xgboost,TB09_power_target_24hour,463.9621,586.0466,0.1987,44078
3,lightgbm,TB09_power_target_24hour,454.4637,578.4148,0.2195,44078
1,xgboost,TB10_power_target_10min,99.5986,155.6278,0.9292,46073
1,lightgbm,TB10_power_target_10min,98.4965,154.7063,0.9301,46073
2,xgboost,TB10_power_target_10min,97.1634,149.7476,0.9309,43789
2,lightgbm,TB10_power_target_10min,94.1339,147.1982,0.9332,43789
3,xgboost,TB10_power_target_10min,106.2494,154.8883,0.9345,36096
3,lightgbm,TB10_power_target_10min,98.636,149.5915,0.9389,36096
1,xgboost,TB10_power_target_30min,178.1919,253.9395,0.8117,46072
1,lightgbm,TB10_power_target_30min,167.8417,248.2985,0.82,46072
2,xgboost,TB10_power_target_30min,168.0739,242.1091,0.8194,43782
2,lightgbm,TB10_power_target_30min,162.3276,237.9177,0.8256,43782
3,xgboost,TB10_power_target_30min,169.9271,246.882,0.8334,36093
3,lightgbm,TB10_power_target_30min,170.111,246.3285,0.8342,36093
1,xgboost,TB10_power_target_1hour,254.5487,340.4743,0.6616,46064
1,lightgbm,TB10_power_target_1hour,223.8785,312.4594,0.715,46064
2,xgboost,TB10_power_target_1hour,221.5879,305.0486,0.7134,43767
2,lightgbm,TB10_power_target_1hour,209.6556,297.8124,0.7268,43767
3,xgboost,TB10_power_target_1hour,228.1544,319.2694,0.7213,36084
3,lightgbm,TB10_power_target_1hour,226.3641,318.0235,0.7235,36084
1,xgboost,TB10_power_target_6hour,364.026,465.805,0.3681,46046
1,lightgbm,TB10_power_target_6hour,351.878,455.6783,0.3953,46046
2,xgboost,TB10_power_target_6hour,328.7223,432.5545,0.4241,43734
2,lightgbm,TB10_power_target_6hour,322.8382,428.4046,0.4351,43734
3,xgboost,TB10_power_target_6hour,349.5052,454.3772,0.4345,36054
3,lightgbm,TB10_power_target_6hour,336.3739,445.1915,0.4572,36054
1,xgboost,TB10_power_target_24hour,425.0726,540.0477,0.1502,46034
1,lightgbm,TB10_power_target_24hour,415.2663,531.4331,0.1771,46034
2,xgboost,TB10_power_target_24hour,423.1169,518.8247,0.1689,43739
2,lightgbm,TB10_power_target_24hour,411.2451,508.8017,0.2007,43739
3,xgboost,TB10_power_target_24hour,426.7417,535.1321,0.194,36039
3,lightgbm,TB10_power_target_24hour,423.0652,534.1007,0.1971,36039
1,xgboost,TB11_power_target_10min,106.5744,167.7615,0.9238,46069
1,lightgbm,TB11_power_target_10min,104.9914,166.1246,0.9253,46069
2,xgboost,TB11_power_target_10min,106.9061,162.3902,0.9254,43799
2,lightgbm,TB11_power_target_10min,101.5533,158.7475,0.9287,43799
3,xgboost,TB11_power_target_10min,103.3551,161.2991,0.9352,36095
3,lightgbm,TB11_power_target_10min,101.919,159.7447,0.9364,36095
1,xgboost,TB11_power_target_30min,195.4987,276.6542,0.7929,46063
1,lightgbm,TB11_power_target_30min,183.6552,267.3088,0.8067,46063
2,xgboost,TB11_power_target_30min,176.9227,259.5323,0.8094,43795
2,lightgbm,TB11_power_target_30min,177.7661,258.3778,0.8111,43795
3,xgboost,TB11_power_target_30min,186.0485,267.6698,0.8214,36090
3,lightgbm,TB11_power_target_30min,183.2604,266.3806,0.8232,36090
1,xgboost,TB11_power_target_1hour,252.5498,342.8078,0.6821,46040
1,lightgbm,TB11_power_target_1hour,243.3116,335.471,0.6956,46040
2,xgboost,TB11_power_target_1hour,249.9088,334.8807,0.6826,43783
2,lightgbm,TB11_power_target_1hour,229.5754,321.425,0.7076,43783
3,xgboost,TB11_power_target_1hour,258.8702,350.2499,0.6941,36078
3,lightgbm,TB11_power_target_1hour,241.9594,340.8922,0.7102,36078
1,xgboost,TB11_power_target_6hour,394.6257,498.1832,0.3297,45965
1,lightgbm,TB11_power_target_6hour,384.944,490.5051,0.3502,45965
2,xgboost,TB11_power_target_6hour,358.8219,462.6255,0.3941,43758
2,lightgbm,TB11_power_target_6hour,350.2894,457.2603,0.408,43758
3,xgboost,TB11_power_target_6hour,385.1869,491.6829,0.3957,36045
3,lightgbm,TB11_power_target_6hour,371.1348,483.3977,0.4159,36045
1,xgboost,TB11_power_target_24hour,455.5282,562.6757,0.1454,45876
1,lightgbm,TB11_power_target_24hour,442.2247,552.2314,0.1768,45876
2,xgboost,TB11_power_target_24hour,439.5053,539.2804,0.1713,45636
2,lightgbm,TB11_power_target_24hour,436.0075,534.1722,0.1869,45636
3,xgboost,TB11_power_target_24hour,463.6396,572.2477,0.186,44288
3,lightgbm,TB11_power_target_24hour,461.9254,569.4842,0.1939,44288
1,xgboost,TB12_power_target_10min,113.0356,171.7333,0.9177,46071
1,lightgbm,TB12_power_target_10min,109.6402,169.4095,0.9199,46071
2,xgboost,TB12_power_target_10min,102.8706,163.7015,0.9239,43797
2,lightgbm,TB12_power_target_10min,100.9139,161.9826,0.9255,43797
3,xgboost,TB12_power_target_10min,104.9211,166.5717,0.9276,36095
3,lightgbm,TB12_power_target_10min,105.1214,167.8386,0.9265,36095
1,xgboost,TB12_power_target_30min,186.3919,271.3917,0.7944,46068
1,lightgbm,TB12_power_target_30min,188.2993,271.0339,0.795,46068
2,xgboost,TB12_power_target_30min,190.3432,269.6924,0.7936,43790
2,lightgbm,TB12_power_target_30min,179.3229,262.1906,0.8049,43790
3,xgboost,TB12_power_target_30min,193.3449,273.2762,0.8051,36090
3,lightgbm,TB12_power_target_30min,185.2561,268.5578,0.8118,36090
1,xgboost,TB12_power_target_1hour,263.4422,351.5237,0.6552,46051
1,lightgbm,TB12_power_target_1hour,239.8852,334.089,0.6886,46051
2,xgboost,TB12_power_target_1hour,251.6067,340.98,0.6699,43775
2,lightgbm,TB12_power_target_1hour,233.3997,327.3919,0.6957,43775
3,xgboost,TB12_power_target_1hour,267.6908,357.8017,0.6658,36078
3,lightgbm,TB12_power_target_1hour,244.1782,343.0003,0.6929,36078
1,xgboost,TB12_power_target_6hour,385.5124,489.6167,0.3329,46039
1,lightgbm,TB12_power_target_6hour,383.4335,485.0,0.3454,46039
2,xgboost,TB12_power_target_6hour,361.6917,468.9922,0.3748,43748
2,lightgbm,TB12_power_target_6hour,354.4261,464.028,0.3879,43748
3,xgboost,TB12_power_target_6hour,380.7622,486.3948,0.3803,36046
3,lightgbm,TB12_power_target_6hour,366.955,478.7556,0.3996,36046
1,xgboost,TB12_power_target_24hour,444.0405,555.0972,0.1412,46029
1,lightgbm,TB12_power_target_24hour,440.075,551.3484,0.1528,46029
2,xgboost,TB12_power_target_24hour,441.2166,541.1281,0.1654,43760
2,lightgbm,TB12_power_target_24hour,430.531,532.7145,0.1912,43760
3,xgboost,TB12_power_target_24hour,443.3882,551.7308,0.1842,36050
3,lightgbm,TB12_power_target_24hour,441.6567,549.6804,0.1903,36050
1,xgboost,farm_total_power_target_10min,1005.6605,1493.2655,0.956,46073
1,lightgbm,farm_total_power_target_10min,905.0522,1422.6599,0.96,46073
2,xgboost,farm_total_power_target_10min,829.7322,1290.656,0.9651,43800
2,lightgbm,farm_total_power_target_10min,809.5121,1278.8911,0.9657,43800
3,xgboost,farm_total_power_target_10min,868.4415,1313.3894,0.9676,36097
3,lightgbm,farm_total_power_target_10min,836.8379,1292.5573,0.9686,36097
1,xgboost,farm_total_power_target_30min,2022.5316,2813.1499,0.8438,46073
1,lightgbm,farm_total_power_target_30min,1824.4362,2671.7988,0.8591,46073
2,xgboost,farm_total_power_target_30min,1941.0993,2679.181,0.8496,43800
2,lightgbm,farm_total_power_target_30min,1742.7976,2489.1655,0.8702,43800
3,xgboost,farm_total_power_target_30min,1800.7651,2576.3124,0.8754,36097
3,lightgbm,farm_total_power_target_30min,1769.9979,2554.5024,0.8775,36097
1,xgboost,farm_total_power_target_1hour,2687.009,3632.571,0.7396,46062
1,lightgbm,farm_total_power_target_1hour,2626.316,3575.1914,0.7477,46062
2,xgboost,farm_total_power_target_1hour,2746.9714,3622.1757,0.725,43797
2,lightgbm,farm_total_power_target_1hour,2376.4196,3291.2339,0.773,43797
3,xgboost,farm_total_power_target_1hour,2556.5898,3531.5267,0.7658,36094
3,lightgbm,farm_total_power_target_1hour,2510.123,3507.7455,0.7689,36094
1,xgboost,farm_total_power_target_6hour,4517.4307,5676.558,0.3654,46056
1,lightgbm,farm_total_power_target_6hour,4363.4808,5536.432,0.3963,46056
2,xgboost,farm_total_power_target_6hour,3945.4746,5071.3322,0.4604,43790
2,lightgbm,farm_total_power_target_6hour,3872.2679,5037.6734,0.4675,43790
3,xgboost,farm_total_power_target_6hour,4202.8205,5370.2171,0.4573,36109
3,lightgbm,farm_total_power_target_6hour,4135.3603,5327.1546,0.466,36109
1,xgboost,farm_total_power_target_24hour,5225.5166,6487.4021,0.17,46056
1,lightgbm,farm_total_power_target_24hour,5090.7434,6389.3305,0.1949,46056
2,xgboost,farm_total_power_target_24hour,5263.461,6312.045,0.1538,45676
2,lightgbm,farm_total_power_target_24hour,5035.456,6096.5893,0.2106,45676
3,xgboost,farm_total_power_target_24hour,5281.9925,6462.4023,0.1943,44354
3,lightgbm,farm_total_power_target_24hour,5117.8418,6340.369,0.2245,44354
