target,model,horizon,nominal_confidence,empirical_coverage,mean_interval_width,calibration_error,n_samples,scope
TB01_power_target_10min,lightgbm,10min,0.5,0.4067,105.03,0.0933,28232,per_model
TB01_power_target_10min,lightgbm,10min,0.8,0.6507,306.64,0.1493,28232,per_model
TB01_power_target_10min,lightgbm,10min,0.9,0.732,468.97,0.168,28232,per_model
TB01_power_target_10min,lightgbm,10min,0.95,0.7727,636.58,0.1773,28232,per_model
TB01_power_target_10min,lightgbm,10min,0.99,0.8053,1070.12,0.1847,28232,per_model
TB01_power_target_10min,xgboost,10min,0.5,0.4079,112.59,0.0921,28232,per_model
TB01_power_target_10min,xgboost,10min,0.8,0.6507,313.05,0.1493,28232,per_model
TB01_power_target_10min,xgboost,10min,0.9,0.732,461.36,0.168,28232,per_model
TB01_power_target_10min,xgboost,10min,0.95,0.7727,626.95,0.1773,28232,per_model
TB01_power_target_10min,xgboost,10min,0.99,0.8053,1055.64,0.1847,28232,per_model
farm_total_power_target_10min,xgboost,10min,0.5,0.5,1294.07,0.0,28232,per_model
farm_total_power_target_10min,xgboost,10min,0.8,0.8,2028.92,0.0,28232,per_model
farm_total_power_target_10min,xgboost,10min,0.9,0.9,3266.72,0.0,28232,per_model
farm_total_power_target_10min,xgboost,10min,0.95,0.95,4635.4,0.0,28232,per_model
farm_total_power_target_10min,xgboost,10min,0.99,0.99,8127.92,0.0,28232,per_model
TB01_power_target_30min,lightgbm,30min,0.5,0.4067,205.39,0.0933,28232,per_model
TB01_power_target_30min,lightgbm,30min,0.8,0.6507,524.09,0.1493,28232,per_model
TB01_power_target_30min,lightgbm,30min,0.9,0.732,783.12,0.168,28232,per_model
TB01_power_target_30min,lightgbm,30min,0.95,0.7727,1048.15,0.1773,28232,per_model
TB01_power_target_30min,lightgbm,30min,0.99,0.8053,1692.2,0.1847,28232,per_model
TB01_power_target_30min,xgboost,30min,0.5,0.4067,244.36,0.0933,28232,per_model
TB01_power_target_30min,xgboost,30min,0.8,0.6507,554.58,0.1493,28232,per_model
TB01_power_target_30min,xgboost,30min,0.9,0.732,786.28,0.168,28232,per_model
TB01_power_target_30min,xgboost,30min,0.95,0.7727,1051.54,0.1773,28232,per_model
TB01_power_target_30min,xgboost,30min,0.99,0.8053,1735.41,0.1847,28232,per_model
farm_total_power_target_30min,xgboost,30min,0.5,0.5,3184.31,0.0,28232,per_model
farm_total_power_target_30min,xgboost,30min,0.8,0.9521,9612.64,0.1521,28232,per_model
farm_total_power_target_30min,xgboost,30min,0.9,0.9521,9612.64,0.0521,28232,per_model
farm_total_power_target_30min,xgboost,30min,0.95,0.9521,9612.64,0.0021,28232,per_model
farm_total_power_target_30min,xgboost,30min,0.99,0.99,15676.71,0.0,28232,per_model
TB01_power_target_1hour,lightgbm,1hour,0.5,0.4067,287.18,0.0933,28232,per_model
TB01_power_target_1hour,lightgbm,1hour,0.8,0.6507,718.11,0.1493,28232,per_model
TB01_power_target_1hour,lightgbm,1hour,0.9,0.732,1035.31,0.168,28232,per_model
TB01_power_target_1hour,lightgbm,1hour,0.95,0.7727,1368.68,0.1773,28232,per_model
TB01_power_target_1hour,lightgbm,1hour,0.99,0.8053,2119.18,0.1847,28232,per_model
TB01_power_target_1hour,xgboost,1hour,0.5,0.4067,356.03,0.0933,28232,per_model
TB01_power_target_1hour,xgboost,1hour,0.8,0.6507,737.43,0.1493,28232,per_model
TB01_power_target_1hour,xgboost,1hour,0.9,0.732,1061.41,0.168,28232,per_model
TB01_power_target_1hour,xgboost,1hour,0.95,0.7727,1399.19,0.1773,28232,per_model
TB01_power_target_1hour,xgboost,1hour,0.99,0.8053,2110.62,0.1847,28232,per_model
farm_total_power_target_1hour,xgboost,1hour,0.5,0.5001,4336.43,0.0001,28232,per_model
farm_total_power_target_1hour,xgboost,1hour,0.8,0.8,6172.8,0.0,28232,per_model
farm_total_power_target_1hour,xgboost,1hour,0.9,0.9,9383.25,0.0,28232,per_model
farm_total_power_target_1hour,xgboost,1hour,0.95,0.95,12804.67,0.0,28232,per_model
farm_total_power_target_1hour,xgboost,1hour,0.99,0.99,20598.35,0.0,28232,per_model
TB01_power_target_6hour,lightgbm,6hour,0.5,0.4067,568.59,0.0933,28232,per_model
TB01_power_target_6hour,lightgbm,6hour,0.8,0.6507,1148.73,0.1493,28232,per_model
TB01_power_target_6hour,lightgbm,6hour,0.9,0.732,1575.97,0.168,28232,per_model
TB01_power_target_6hour,lightgbm,6hour,0.95,0.7727,1921.65,0.1773,28232,per_model
TB01_power_target_6hour,lightgbm,6hour,0.99,0.8053,2618.79,0.1847,28232,per_model
TB01_power_target_6hour,xgboost,6hour,0.5,0.4067,582.49,0.0933,28232,per_model
TB01_power_target_6hour,xgboost,6hour,0.8,0.6507,1168.73,0.1493,28232,per_model
TB01_power_target_6hour,xgboost,6hour,0.9,0.732,1578.35,0.168,28232,per_model
TB01_power_target_6hour,xgboost,6hour,0.95,0.7727,1957.59,0.1773,28232,per_model
TB01_power_target_6hour,xgboost,6hour,0.99,0.8053,2587.98,0.1847,28232,per_model
farm_total_power_target_6hour,xgboost,6hour,0.5,0.5,8019.42,0.0,28232,per_model
farm_total_power_target_6hour,xgboost,6hour,0.8,0.8,13537.0,0.0,28232,per_model
farm_total_power_target_6hour,xgboost,6hour,0.9,0.9,17987.46,0.0,28232,per_model
farm_total_power_target_6hour,xgboost,6hour,0.95,0.9577,20231.87,0.0077,28232,per_model
farm_total_power_target_6hour,xgboost,6hour,0.99,0.99,26632.66,0.0,28232,per_model
TB01_power_target_24hour,lightgbm,24hour,0.5,0.4067,701.53,0.0933,28232,per_model
TB01_power_target_24hour,lightgbm,24hour,0.8,0.6507,1269.18,0.1493,28232,per_model
TB01_power_target_24hour,lightgbm,24hour,0.9,0.732,1750.02,0.168,28232,per_model
TB01_power_target_24hour,lightgbm,24hour,0.95,0.7727,2256.38,0.1773,28232,per_model
TB01_power_target_24hour,lightgbm,24hour,0.99,0.8053,2989.0,0.1847,28232,per_model
TB01_power_target_24hour,xgboost,24hour,0.5,0.4067,710.81,0.0933,28232,per_model
TB01_power_target_24hour,xgboost,24hour,0.8,0.6507,1260.95,0.1493,28232,per_model
TB01_power_target_24hour,xgboost,24hour,0.9,0.732,1753.19,0.168,28232,per_model
TB01_power_target_24hour,xgboost,24hour,0.95,0.7727,2248.67,0.1773,28232,per_model
TB01_power_target_24hour,xgboost,24hour,0.99,0.8053,2948.97,0.1847,28232,per_model
farm_total_power_target_24hour,xgboost,24hour,0.5,0.592,8165.83,0.092,28232,per_model
farm_total_power_target_24hour,xgboost,24hour,0.8,0.8,13109.28,0.0,28232,per_model
farm_total_power_target_24hour,xgboost,24hour,0.9,0.9,18536.48,0.0,28232,per_model
farm_total_power_target_24hour,xgboost,24hour,0.95,0.95,23381.33,0.0,28232,per_model
farm_total_power_target_24hour,xgboost,24hour,0.99,0.99,32206.72,0.0,28232,per_model
TB02_power_target_10min,lightgbm,10min,0.5,0.4061,97.15,0.0939,28232,per_model
TB02_power_target_10min,lightgbm,10min,0.8,0.6497,296.54,0.1503,28232,per_model
TB02_power_target_10min,lightgbm,10min,0.9,0.7309,460.04,0.1691,28232,per_model
TB02_power_target_10min,lightgbm,10min,0.95,0.7715,633.62,0.1785,28232,per_model
TB02_power_target_10min,lightgbm,10min,0.99,0.804,1027.82,0.186,28232,per_model
TB02_power_target_10min,xgboost,10min,0.5,0.4061,129.96,0.0939,28232,per_model
TB02_power_target_10min,xgboost,10min,0.8,0.6497,299.55,0.1503,28232,per_model
TB02_power_target_10min,xgboost,10min,0.9,0.7309,461.62,0.1691,28232,per_model
TB02_power_target_10min,xgboost,10min,0.95,0.7715,630.91,0.1785,28232,per_model
TB02_power_target_10min,xgboost,10min,0.99,0.804,1036.0,0.186,28232,per_model
TB02_power_target_30min,lightgbm,30min,0.5,0.4061,185.95,0.0939,28232,per_model
TB02_power_target_30min,lightgbm,30min,0.8,0.6497,511.28,0.1503,28232,per_model
TB02_power_target_30min,lightgbm,30min,0.9,0.7309,772.5,0.1691,28232,per_model
TB02_power_target_30min,lightgbm,30min,0.95,0.7715,1045.23,0.1785,28232,per_model
TB02_power_target_30min,lightgbm,30min,0.99,0.804,1679.58,0.186,28232,per_model
TB02_power_target_30min,xgboost,30min,0.5,0.415,207.75,0.085,28232,per_model
TB02_power_target_30min,xgboost,30min,0.8,0.6497,508.29,0.1503,28232,per_model
TB02_power_target_30min,xgboost,30min,0.9,0.7309,779.73,0.1691,28232,per_model
TB02_power_target_30min,xgboost,30min,0.95,0.7715,1057.56,0.1785,28232,per_model
TB02_power_target_30min,xgboost,30min,0.99,0.804,1679.98,0.186,28232,per_model
TB02_power_target_1hour,lightgbm,1hour,0.5,0.4061,267.76,0.0939,28232,per_model
TB02_power_target_1hour,lightgbm,1hour,0.8,0.6497,710.83,0.1503,28232,per_model
TB02_power_target_1hour,lightgbm,1hour,0.9,0.7309,1039.01,0.1691,28232,per_model
TB02_power_target_1hour,lightgbm,1hour,0.95,0.7715,1353.04,0.1785,28232,per_model
TB02_power_target_1hour,lightgbm,1hour,0.99,0.804,2093.21,0.186,28232,per_model
TB02_power_target_1hour,xgboost,1hour,0.5,0.4061,271.65,0.0939,28232,per_model
TB02_power_target_1hour,xgboost,1hour,0.8,0.6497,700.79,0.1503,28232,per_model
TB02_power_target_1hour,xgboost,1hour,0.9,0.7309,1036.34,0.1691,28232,per_model
TB02_power_target_1hour,xgboost,1hour,0.95,0.7715,1348.05,0.1785,28232,per_model
TB02_power_target_1hour,xgboost,1hour,0.99,0.804,2103.43,0.186,28232,per_model
TB02_power_target_6hour,lightgbm,6hour,0.5,0.4061,534.7,0.0939,28232,per_model
TB02_power_target_6hour,lightgbm,6hour,0.8,0.6497,1133.85,0.1503,28232,per_model
TB02_power_target_6hour,lightgbm,6hour,0.9,0.7309,1578.64,0.1691,28232,per_model
TB02_power_target_6hour,lightgbm,6hour,0.95,0.7715,1932.85,0.1785,28232,per_model
TB02_power_target_6hour,lightgbm,6hour,0.99,0.804,2636.07,0.186,28232,per_model
TB02_power_target_6hour,xgboost,6hour,0.5,0.4061,559.95,0.0939,28232,per_model
TB02_power_target_6hour,xgboost,6hour,0.8,0.6497,1162.4,0.1503,28232,per_model
TB02_power_target_6hour,xgboost,6hour,0.9,0.7309,1569.14,0.1691,28232,per_model
TB02_power_target_6hour,xgboost,6hour,0.95,0.7715,1918.95,0.1785,28232,per_model
TB02_power_target_6hour,xgboost,6hour,0.99,0.804,2527.15,0.186,28232,per_model
TB02_power_target_24hour,lightgbm,24hour,0.5,0.4061,654.75,0.0939,28232,per_model
TB02_power_target_24hour,lightgbm,24hour,0.8,0.6497,1286.02,0.1503,28232,per_model
TB02_power_target_24hour,lightgbm,24hour,0.9,0.7309,1820.86,0.1691,28232,per_model
TB02_power_target_24hour,lightgbm,24hour,0.95,0.7715,2300.3,0.1785,28232,per_model
TB02_power_target_24hour,lightgbm,24hour,0.99,0.804,3059.67,0.186,28232,per_model
TB02_power_target_24hour,xgboost,24hour,0.5,0.4061,673.17,0.0939,28232,per_model
TB02_power_target_24hour,xgboost,24hour,0.8,0.6497,1278.21,0.1503,28232,per_model
TB02_power_target_24hour,xgboost,24hour,0.9,0.7309,1799.08,0.1691,28232,per_model
TB02_power_target_24hour,xgboost,24hour,0.95,0.7715,2279.5,0.1785,28232,per_model
TB02_power_target_24hour,xgboost,24hour,0.99,0.804,3008.96,0.186,28232,per_model
TB03_power_target_10min,lightgbm,10min,0.5,0.4067,105.37,0.0933,28232,per_model
TB03_power_target_10min,lightgbm,10min,0.8,0.6508,297.88,0.1492,28232,per_model
TB03_power_target_10min,lightgbm,10min,0.9,0.7321,470.05,0.1679,28232,per_model
TB03_power_target_10min,lightgbm,10min,0.95,0.7727,642.85,0.1773,28232,per_model
TB03_power_target_10min,lightgbm,10min,0.99,0.8053,1081.47,0.1847,28232,per_model
TB03_power_target_10min,xgboost,10min,0.5,0.4067,111.25,0.0933,28232,per_model
TB03_power_target_10min,xgboost,10min,0.8,0.6508,301.59,0.1492,28232,per_model
TB03_power_target_10min,xgboost,10min,0.9,0.7321,474.87,0.1679,28232,per_model
TB03_power_target_10min,xgboost,10min,0.95,0.7727,647.66,0.1773,28232,per_model
TB03_power_target_10min,xgboost,10min,0.99,0.8053,1082.45,0.1847,28232,per_model
TB03_power_target_30min,lightgbm,30min,0.5,0.4067,198.79,0.0933,28232,per_model
TB03_power_target_30min,lightgbm,30min,0.8,0.6508,529.7,0.1492,28232,per_model
TB03_power_target_30min,lightgbm,30min,0.9,0.7321,796.3,0.1679,28232,per_model
TB03_power_target_30min,lightgbm,30min,0.95,0.7727,1076.22,0.1773,28232,per_model
TB03_power_target_30min,lightgbm,30min,0.99,0.8053,1714.39,0.1847,28232,per_model
TB03_power_target_30min,xgboost,30min,0.5,0.4095,245.37,0.0905,28232,per_model
TB03_power_target_30min,xgboost,30min,0.8,0.6508,525.43,0.1492,28232,per_model
TB03_power_target_30min,xgboost,30min,0.9,0.7321,794.95,0.1679,28232,per_model
TB03_power_target_30min,xgboost,30min,0.95,0.7727,1083.54,0.1773,28232,per_model
TB03_power_target_30min,xgboost,30min,0.99,0.8053,1727.28,0.1847,28232,per_model
TB03_power_target_1hour,lightgbm,1hour,0.5,0.4067,316.37,0.0933,28232,per_model
TB03_power_target_1hour,lightgbm,1hour,0.8,0.6508,727.93,0.1492,28232,per_model
TB03_power_target_1hour,lightgbm,1hour,0.9,0.7321,1047.55,0.1679,28232,per_model
TB03_power_target_1hour,lightgbm,1hour,0.95,0.7727,1369.94,0.1773,28232,per_model
TB03_power_target_1hour,lightgbm,1hour,0.99,0.8053,2138.92,0.1847,28232,per_model
TB03_power_target_1hour,xgboost,1hour,0.5,0.4067,369.99,0.0933,28232,per_model
TB03_power_target_1hour,xgboost,1hour,0.8,0.6542,770.58,0.1458,28232,per_model
TB03_power_target_1hour,xgboost,1hour,0.9,0.7321,1062.21,0.1679,28232,per_model
TB03_power_target_1hour,xgboost,1hour,0.95,0.7727,1401.11,0.1773,28232,per_model
TB03_power_target_1hour,xgboost,1hour,0.99,0.8053,2122.25,0.1847,28232,per_model
TB03_power_target_6hour,lightgbm,6hour,0.5,0.4067,570.89,0.0933,28232,per_model
TB03_power_target_6hour,lightgbm,6hour,0.8,0.6508,1172.27,0.1492,28232,per_model
TB03_power_target_6hour,lightgbm,6hour,0.9,0.7321,1596.74,0.1679,28232,per_model
TB03_power_target_6hour,lightgbm,6hour,0.95,0.7727,1933.76,0.1773,28232,per_model
TB03_power_target_6hour,lightgbm,6hour,0.99,0.8053,2535.85,0.1847,28232,per_model
TB03_power_target_6hour,xgboost,6hour,0.5,0.4067,582.09,0.0933,28232,per_model
TB03_power_target_6hour,xgboost,6hour,0.8,0.6508,1182.15,0.1492,28232,per_model
TB03_power_target_6hour,xgboost,6hour,0.9,0.7321,1577.45,0.1679,28232,per_model
TB03_power_target_6hour,xgboost,6hour,0.95,0.7727,1875.83,0.1773,28232,per_model
TB03_power_target_6hour,xgboost,6hour,0.99,0.8053,2494.22,0.1847,28232,per_model
TB03_power_target_24hour,lightgbm,24hour,0.5,0.4067,682.52,0.0933,28232,per_model
TB03_power_target_24hour,lightgbm,24hour,0.8,0.6508,1262.94,0.1492,28232,per_model
TB03_power_target_24hour,lightgbm,24hour,0.9,0.7321,1763.07,0.1679,28232,per_model
TB03_power_target_24hour,lightgbm,24hour,0.95,0.7727,2213.66,0.1773,28232,per_model
TB03_power_target_24hour,lightgbm,24hour,0.99,0.8053,2951.86,0.1847,28232,per_model
TB03_power_target_24hour,xgboost,24hour,0.5,0.4067,736.78,0.0933,28232,per_model
TB03_power_target_24hour,xgboost,24hour,0.8,0.6508,1286.88,0.1492,28232,per_model
TB03_power_target_24hour,xgboost,24hour,0.9,0.7321,1752.79,0.1679,28232,per_model
TB03_power_target_24hour,xgboost,24hour,0.95,0.7727,2166.92,0.1773,28232,per_model
TB03_power_target_24hour,xgboost,24hour,0.99,0.8053,2858.64,0.1847,28232,per_model
TB04_power_target_10min,lightgbm,10min,0.5,0.4067,101.98,0.0933,28232,per_model
TB04_power_target_10min,lightgbm,10min,0.8,0.6508,294.78,0.1492,28232,per_model
TB04_power_target_10min,lightgbm,10min,0.9,0.7321,454.55,0.1679,28232,per_model
TB04_power_target_10min,lightgbm,10min,0.95,0.7728,629.48,0.1772,28232,per_model
TB04_power_target_10min,lightgbm,10min,0.99,0.8053,1076.04,0.1847,28232,per_model
TB04_power_target_10min,xgboost,10min,0.5,0.4067,112.84,0.0933,28232,per_model
TB04_power_target_10min,xgboost,10min,0.8,0.6508,315.4,0.1492,28232,per_model
TB04_power_target_10min,xgboost,10min,0.9,0.7321,469.49,0.1679,28232,per_model
TB04_power_target_10min,xgboost,10min,0.95,0.7728,632.95,0.1772,28232,per_model
TB04_power_target_10min,xgboost,10min,0.99,0.8053,1063.34,0.1847,28232,per_model
TB04_power_target_30min,lightgbm,30min,0.5,0.4067,191.45,0.0933,28232,per_model
TB04_power_target_30min,lightgbm,30min,0.8,0.6508,515.63,0.1492,28232,per_model
TB04_power_target_30min,lightgbm,30min,0.9,0.7321,775.5,0.1679,28232,per_model
TB04_power_target_30min,lightgbm,30min,0.95,0.7728,1039.8,0.1772,28232,per_model
TB04_power_target_30min,lightgbm,30min,0.99,0.8053,1697.97,0.1847,28232,per_model
TB04_power_target_30min,xgboost,30min,0.5,0.4067,240.08,0.0933,28232,per_model
TB04_power_target_30min,xgboost,30min,0.8,0.6508,542.05,0.1492,28232,per_model
TB04_power_target_30min,xgboost,30min,0.9,0.7321,779.52,0.1679,28232,per_model
TB04_power_target_30min,xgboost,30min,0.95,0.7728,1045.88,0.1772,28232,per_model
TB04_power_target_30min,xgboost,30min,0.99,0.8053,1709.07,0.1847,28232,per_model
TB04_power_target_1hour,lightgbm,1hour,0.5,0.4067,280.7,0.0933,28232,per_model
TB04_power_target_1hour,lightgbm,1hour,0.8,0.6508,708.82,0.1492,28232,per_model
TB04_power_target_1hour,lightgbm,1hour,0.9,0.7321,1022.86,0.1679,28232,per_model
TB04_power_target_1hour,lightgbm,1hour,0.95,0.7728,1350.67,0.1772,28232,per_model
TB04_power_target_1hour,lightgbm,1hour,0.99,0.8053,2082.98,0.1847,28232,per_model
TB04_power_target_1hour,xgboost,1hour,0.5,0.4067,312.08,0.0933,28232,per_model
TB04_power_target_1hour,xgboost,1hour,0.8,0.6508,712.63,0.1492,28232,per_model
TB04_power_target_1hour,xgboost,1hour,0.9,0.7321,1027.38,0.1679,28232,per_model
TB04_power_target_1hour,xgboost,1hour,0.95,0.7728,1350.5,0.1772,28232,per_model
TB04_power_target_1hour,xgboost,1hour,0.99,0.8053,2049.89,0.1847,28232,per_model
TB04_power_target_6hour,lightgbm,6hour,0.5,0.4067,572.0,0.0933,28232,per_model
TB04_power_target_6hour,lightgbm,6hour,0.8,0.6508,1150.88,0.1492,28232,per_model
TB04_power_target_6hour,lightgbm,6hour,0.9,0.7321,1553.96,0.1679,28232,per_model
TB04_power_target_6hour,lightgbm,6hour,0.95,0.7728,1903.38,0.1772,28232,per_model
TB04_power_target_6hour,lightgbm,6hour,0.99,0.8053,2588.79,0.1847,28232,per_model
TB04_power_target_6hour,xgboost,6hour,0.5,0.4067,617.13,0.0933,28232,per_model
TB04_power_target_6hour,xgboost,6hour,0.8,0.6508,1192.47,0.1492,28232,per_model
TB04_power_target_6hour,xgboost,6hour,0.9,0.7321,1607.49,0.1679,28232,per_model
TB04_power_target_6hour,xgboost,6hour,0.95,0.7728,1958.34,0.1772,28232,per_model
TB04_power_target_6hour,xgboost,6hour,0.99,0.8053,2555.4,0.1847,28232,per_model
TB04_power_target_24hour,lightgbm,24hour,0.5,0.4067,653.96,0.0933,28232,per_model
TB04_power_target_24hour,lightgbm,24hour,0.8,0.6508,1316.45,0.1492,28232,per_model
TB04_power_target_24hour,lightgbm,24hour,0.9,0.7321,1846.07,0.1679,28232,per_model
TB04_power_target_24hour,lightgbm,24hour,0.95,0.7728,2338.61,0.1772,28232,per_model
TB04_power_target_24hour,lightgbm,24hour,0.99,0.8053,3119.98,0.1847,28232,per_model
TB04_power_target_24hour,xgboost,24hour,0.5,0.4067,674.03,0.0933,28232,per_model
TB04_power_target_24hour,xgboost,24hour,0.8,0.6508,1303.49,0.1492,28232,per_model
TB04_power_target_24hour,xgboost,24hour,0.9,0.7321,1826.55,0.1679,28232,per_model
TB04_power_target_24hour,xgboost,24hour,0.95,0.7728,2330.72,0.1772,28232,per_model
TB04_power_target_24hour,xgboost,24hour,0.99,0.8053,3056.08,0.1847,28232,per_model
TB05_power_target_10min,lightgbm,10min,0.5,0.4006,111.13,0.0994,28232,per_model
TB05_power_target_10min,lightgbm,10min,0.8,0.6409,326.81,0.1591,28232,per_model
TB05_power_target_10min,lightgbm,10min,0.9,0.721,523.2,0.179,28232,per_model
TB05_power_target_10min,lightgbm,10min,0.95,0.7611,746.83,0.1889,28232,per_model
TB05_power_target_10min,lightgbm,10min,0.99,0.7931,1339.88,0.1969,28232,per_model
TB05_power_target_10min,xgboost,10min,0.5,0.4006,124.89,0.0994,28232,per_model
TB05_power_target_10min,xgboost,10min,0.8,0.6409,336.07,0.1591,28232,per_model
TB05_power_target_10min,xgboost,10min,0.9,0.721,531.19,0.179,28232,per_model
TB05_power_target_10min,xgboost,10min,0.95,0.7611,743.6,0.1889,28232,per_model
TB05_power_target_10min,xgboost,10min,0.99,0.7931,1394.53,0.1969,28232,per_model
TB05_power_target_30min,lightgbm,30min,0.5,0.4006,211.86,0.0994,28232,per_model
TB05_power_target_30min,lightgbm,30min,0.8,0.6409,572.95,0.1591,28232,per_model
TB05_power_target_30min,lightgbm,30min,0.9,0.721,860.12,0.179,28232,per_model
TB05_power_target_30min,lightgbm,30min,0.95,0.7611,1162.46,0.1889,28232,per_model
TB05_power_target_30min,lightgbm,30min,0.99,0.7931,1852.44,0.1969,28232,per_model
TB05_power_target_30min,xgboost,30min,0.5,0.4006,246.29,0.0994,28232,per_model
TB05_power_target_30min,xgboost,30min,0.8,0.6409,579.33,0.1591,28232,per_model
TB05_power_target_30min,xgboost,30min,0.9,0.721,869.98,0.179,28232,per_model
TB05_power_target_30min,xgboost,30min,0.95,0.7611,1211.75,0.1889,28232,per_model
TB05_power_target_30min,xgboost,30min,0.99,0.7931,1978.91,0.1969,28232,per_model
TB05_power_target_1hour,lightgbm,1hour,0.5,0.4006,308.64,0.0994,28232,per_model
TB05_power_target_1hour,lightgbm,1hour,0.8,0.6409,782.54,0.1591,28232,per_model
TB05_power_target_1hour,lightgbm,1hour,0.9,0.721,1137.24,0.179,28232,per_model
TB05_power_target_1hour,lightgbm,1hour,0.95,0.7611,1464.11,0.1889,28232,per_model
TB05_power_target_1hour,lightgbm,1hour,0.99,0.7931,2191.89,0.1969,28232,per_model
TB05_power_target_1hour,xgboost,1hour,0.5,0.4006,302.88,0.0994,28232,per_model
TB05_power_target_1hour,xgboost,1hour,0.8,0.6409,772.01,0.1591,28232,per_model
TB05_power_target_1hour,xgboost,1hour,0.9,0.721,1142.23,0.179,28232,per_model
TB05_power_target_1hour,xgboost,1hour,0.95,0.7611,1464.97,0.1889,28232,per_model
TB05_power_target_1hour,xgboost,1hour,0.99,0.7931,2206.55,0.1969,28232,per_model
TB05_power_target_6hour,lightgbm,6hour,0.5,0.4006,611.86,0.0994,28232,per_model
TB05_power_target_6hour,lightgbm,6hour,0.8,0.6409,1253.13,0.1591,28232,per_model
TB05_power_target_6hour,lightgbm,6hour,0.9,0.721,1690.88,0.179,28232,per_model
TB05_power_target_6hour,lightgbm,6hour,0.95,0.7611,2044.32,0.1889,28232,per_model
TB05_power_target_6hour,lightgbm,6hour,0.99,0.7931,2670.82,0.1969,28232,per_model
TB05_power_target_6hour,xgboost,6hour,0.5,0.4006,627.53,0.0994,28232,per_model
TB05_power_target_6hour,xgboost,6hour,0.8,0.6409,1241.31,0.1591,28232,per_model
TB05_power_target_6hour,xgboost,6hour,0.9,0.721,1681.08,0.179,28232,per_model
TB05_power_target_6hour,xgboost,6hour,0.95,0.7611,2069.48,0.1889,28232,per_model
TB05_power_target_6hour,xgboost,6hour,0.99,0.7931,2650.71,0.1969,28232,per_model
TB05_power_target_24hour,lightgbm,24hour,0.5,0.4005,736.37,0.0995,28232,per_model
TB05_power_target_24hour,lightgbm,24hour,0.8,0.6409,1354.22,0.1591,28232,per_model
TB05_power_target_24hour,lightgbm,24hour,0.9,0.721,1852.3,0.179,28232,per_model
TB05_power_target_24hour,lightgbm,24hour,0.95,0.7611,2272.97,0.1889,28232,per_model
TB05_power_target_24hour,lightgbm,24hour,0.99,0.7931,3017.33,0.1969,28232,per_model
TB05_power_target_24hour,xgboost,24hour,0.5,0.4006,790.12,0.0994,28232,per_model
TB05_power_target_24hour,xgboost,24hour,0.8,0.6409,1363.14,0.1591,28232,per_model
TB05_power_target_24hour,xgboost,24hour,0.9,0.721,1823.22,0.179,28232,per_model
TB05_power_target_24hour,xgboost,24hour,0.95,0.7611,2219.7,0.1889,28232,per_model
TB05_power_target_24hour,xgboost,24hour,0.99,0.7931,2842.66,0.1969,28232,per_model
TB06_power_target_10min,lightgbm,10min,0.5,0.4067,105.88,0.0933,28232,per_model
TB06_power_target_10min,lightgbm,10min,0.8,0.6507,310.29,0.1493,28232,per_model
TB06_power_target_10min,lightgbm,10min,0.9,0.732,474.82,0.168,28232,per_model
TB06_power_target_10min,lightgbm,10min,0.95,0.7727,649.29,0.1773,28232,per_model
TB06_power_target_10min,lightgbm,10min,0.99,0.8052,1035.25,0.1848,28232,per_model
TB06_power_target_10min,xgboost,10min,0.5,0.4067,111.28,0.0933,28232,per_model
TB06_power_target_10min,xgboost,10min,0.8,0.6507,313.68,0.1493,28232,per_model
TB06_power_target_10min,xgboost,10min,0.9,0.732,486.74,0.168,28232,per_model
TB06_power_target_10min,xgboost,10min,0.95,0.7727,656.71,0.1773,28232,per_model
TB06_power_target_10min,xgboost,10min,0.99,0.8052,1046.39,0.1848,28232,per_model
TB06_power_target_30min,lightgbm,30min,0.5,0.4067,192.03,0.0933,28232,per_model
TB06_power_target_30min,lightgbm,30min,0.8,0.6507,515.6,0.1493,28232,per_model
TB06_power_target_30min,lightgbm,30min,0.9,0.732,781.6,0.168,28232,per_model
TB06_power_target_30min,lightgbm,30min,0.95,0.7727,1051.66,0.1773,28232,per_model
TB06_power_target_30min,lightgbm,30min,0.99,0.8052,1628.41,0.1848,28232,per_model
TB06_power_target_30min,xgboost,30min,0.5,0.4261,215.63,0.0739,28232,per_model
TB06_power_target_30min,xgboost,30min,0.8,0.6507,536.2,0.1493,28232,per_model
TB06_power_target_30min,xgboost,30min,0.9,0.732,787.92,0.168,28232,per_model
TB06_power_target_30min,xgboost,30min,0.95,0.7727,1051.38,0.1773,28232,per_model
TB06_power_target_30min,xgboost,30min,0.99,0.8052,1641.36,0.1848,28232,per_model
TB06_power_target_1hour,lightgbm,1hour,0.5,0.4067,270.09,0.0933,28232,per_model
TB06_power_target_1hour,lightgbm,1hour,0.8,0.6507,712.51,0.1493,28232,per_model
TB06_power_target_1hour,lightgbm,1hour,0.9,0.732,1045.87,0.168,28232,per_model
TB06_power_target_1hour,lightgbm,1hour,0.95,0.7727,1352.47,0.1773,28232,per_model
TB06_power_target_1hour,lightgbm,1hour,0.99,0.8052,2012.5,0.1848,28232,per_model
TB06_power_target_1hour,xgboost,1hour,0.5,0.408,323.13,0.092,28232,per_model
TB06_power_target_1hour,xgboost,1hour,0.8,0.6507,713.11,0.1493,28232,per_model
TB06_power_target_1hour,xgboost,1hour,0.9,0.732,1051.63,0.168,28232,per_model
TB06_power_target_1hour,xgboost,1hour,0.95,0.7727,1358.79,0.1773,28232,per_model
TB06_power_target_1hour,xgboost,1hour,0.99,0.8052,2001.3,0.1848,28232,per_model
TB06_power_target_6hour,lightgbm,6hour,0.5,0.4067,547.25,0.0933,28232,per_model
TB06_power_target_6hour,lightgbm,6hour,0.8,0.6507,1138.53,0.1493,28232,per_model
TB06_power_target_6hour,lightgbm,6hour,0.9,0.732,1537.51,0.168,28232,per_model
TB06_power_target_6hour,lightgbm,6hour,0.95,0.7727,1863.05,0.1773,28232,per_model
TB06_power_target_6hour,lightgbm,6hour,0.99,0.8052,2490.0,0.1848,28232,per_model
TB06_power_target_6hour,xgboost,6hour,0.5,0.4067,575.0,0.0933,28232,per_model
TB06_power_target_6hour,xgboost,6hour,0.8,0.6507,1139.28,0.1493,28232,per_model
TB06_power_target_6hour,xgboost,6hour,0.9,0.732,1527.71,0.168,28232,per_model
TB06_power_target_6hour,xgboost,6hour,0.95,0.7727,1842.15,0.1773,28232,per_model
TB06_power_target_6hour,xgboost,6hour,0.99,0.8052,2476.43,0.1848,28232,per_model
TB06_power_target_24hour,lightgbm,24hour,0.5,0.4067,634.04,0.0933,28232,per_model
TB06_power_target_24hour,lightgbm,24hour,0.8,0.6507,1208.84,0.1493,28232,per_model
TB06_power_target_24hour,lightgbm,24hour,0.9,0.732,1739.3,0.168,28232,per_model
TB06_power_target_24hour,lightgbm,24hour,0.95,0.7727,2225.46,0.1773,28232,per_model
TB06_power_target_24hour,lightgbm,24hour,0.99,0.8052,2997.31,0.1848,28232,per_model
TB06_power_target_24hour,xgboost,24hour,0.5,0.4067,664.74,0.0933,28232,per_model
TB06_power_target_24hour,xgboost,24hour,0.8,0.6507,1213.64,0.1493,28232,per_model
TB06_power_target_24hour,xgboost,24hour,0.9,0.732,1703.47,0.168,28232,per_model
TB06_power_target_24hour,xgboost,24hour,0.95,0.7727,2175.71,0.1773,28232,per_model
TB06_power_target_24hour,xgboost,24hour,0.99,0.8052,2872.49,0.1848,28232,per_model
TB07_power_target_10min,lightgbm,10min,0.5,0.4009,106.34,0.0991,28232,per_model
TB07_power_target_10min,lightgbm,10min,0.8,0.6414,305.08,0.1586,28232,per_model
TB07_power_target_10min,lightgbm,10min,0.9,0.7216,473.12,0.1784,28232,per_model
TB07_power_target_10min,lightgbm,10min,0.95,0.7617,649.0,0.1883,28232,per_model
TB07_power_target_10min,lightgbm,10min,0.99,0.7937,1048.25,0.1963,28232,per_model
TB07_power_target_10min,xgboost,10min,0.5,0.4009,111.0,0.0991,28232,per_model
TB07_power_target_10min,xgboost,10min,0.8,0.6414,313.2,0.1586,28232,per_model
TB07_power_target_10min,xgboost,10min,0.9,0.7216,476.61,0.1784,28232,per_model
TB07_power_target_10min,xgboost,10min,0.95,0.7617,647.41,0.1883,28232,per_model
TB07_power_target_10min,xgboost,10min,0.99,0.7937,1049.05,0.1963,28232,per_model
TB07_power_target_30min,lightgbm,30min,0.5,0.4009,197.67,0.0991,28232,per_model
TB07_power_target_30min,lightgbm,30min,0.8,0.6414,527.05,0.1586,28232,per_model
TB07_power_target_30min,lightgbm,30min,0.9,0.7216,785.09,0.1784,28232,per_model
TB07_power_target_30min,lightgbm,30min,0.95,0.7617,1059.92,0.1883,28232,per_model
TB07_power_target_30min,lightgbm,30min,0.99,0.7937,1654.96,0.1963,28232,per_model
TB07_power_target_30min,xgboost,30min,0.5,0.4009,225.98,0.0991,28232,per_model
TB07_power_target_30min,xgboost,30min,0.8,0.6414,525.73,0.1586,28232,per_model
TB07_power_target_30min,xgboost,30min,0.9,0.7216,784.77,0.1784,28232,per_model
TB07_power_target_30min,xgboost,30min,0.95,0.7617,1046.59,0.1883,28232,per_model
TB07_power_target_30min,xgboost,30min,0.99,0.7937,1630.25,0.1963,28232,per_model
TB07_power_target_1hour,lightgbm,1hour,0.5,0.4009,271.15,0.0991,28232,per_model
TB07_power_target_1hour,lightgbm,1hour,0.8,0.6414,708.3,0.1586,28232,per_model
TB07_power_target_1hour,lightgbm,1hour,0.9,0.7216,1025.75,0.1784,28232,per_model
TB07_power_target_1hour,lightgbm,1hour,0.95,0.7617,1328.78,0.1883,28232,per_model
TB07_power_target_1hour,lightgbm,1hour,0.99,0.7937,2027.71,0.1963,28232,per_model
TB07_power_target_1hour,xgboost,1hour,0.5,0.4009,273.81,0.0991,28232,per_model
TB07_power_target_1hour,xgboost,1hour,0.8,0.6414,706.49,0.1586,28232,per_model
TB07_power_target_1hour,xgboost,1hour,0.9,0.7216,1028.66,0.1784,28232,per_model
TB07_power_target_1hour,xgboost,1hour,0.95,0.7617,1323.17,0.1883,28232,per_model
TB07_power_target_1hour,xgboost,1hour,0.99,0.7937,2002.73,0.1963,28232,per_model
TB07_power_target_6hour,lightgbm,6hour,0.5,0.4009,511.8,0.0991,28232,per_model
TB07_power_target_6hour,lightgbm,6hour,0.8,0.6414,1101.03,0.1586,28232,per_model
TB07_power_target_6hour,lightgbm,6hour,0.9,0.7216,1483.47,0.1784,28232,per_model
TB07_power_target_6hour,lightgbm,6hour,0.95,0.7617,1809.44,0.1883,28232,per_model
TB07_power_target_6hour,lightgbm,6hour,0.99,0.7937,2519.61,0.1963,28232,per_model
TB07_power_target_6hour,xgboost,6hour,0.5,0.4009,532.51,0.0991,28232,per_model
TB07_power_target_6hour,xgboost,6hour,0.8,0.6414,1112.69,0.1586,28232,per_model
TB07_power_target_6hour,xgboost,6hour,0.9,0.7216,1486.25,0.1784,28232,per_model
TB07_power_target_6hour,xgboost,6hour,0.95,0.7617,1813.78,0.1883,28232,per_model
TB07_power_target_6hour,xgboost,6hour,0.99,0.7937,2500.06,0.1963,28232,per_model
TB07_power_target_24hour,lightgbm,24hour,0.5,0.4009,637.53,0.0991,28232,per_model
TB07_power_target_24hour,lightgbm,24hour,0.8,0.6414,1202.34,0.1586,28232,per_model
TB07_power_target_24hour,lightgbm,24hour,0.9,0.7216,1711.07,0.1784,28232,per_model
TB07_power_target_24hour,lightgbm,24hour,0.95,0.7617,2184.65,0.1883,28232,per_model
TB07_power_target_24hour,lightgbm,24hour,0.99,0.7937,2959.6,0.1963,28232,per_model
TB07_power_target_24hour,xgboost,24hour,0.5,0.4009,674.74,0.0991,28232,per_model
TB07_power_target_24hour,xgboost,24hour,0.8,0.6414,1209.3,0.1586,28232,per_model
TB07_power_target_24hour,xgboost,24hour,0.9,0.7216,1710.01,0.1784,28232,per_model
TB07_power_target_24hour,xgboost,24hour,0.95,0.7617,2167.82,0.1883,28232,per_model
TB07_power_target_24hour,xgboost,24hour,0.99,0.7937,2860.66,0.1963,28232,per_model
TB08_power_target_10min,lightgbm,10min,0.5,0.4066,96.67,0.0934,28232,per_model
TB08_power_target_10min,lightgbm,10min,0.8,0.6505,287.28,0.1495,28232,per_model
TB08_power_target_10min,lightgbm,10min,0.9,0.7318,450.58,0.1682,28232,per_model
TB08_power_target_10min,lightgbm,10min,0.95,0.7724,627.94,0.1776,28232,per_model
TB08_power_target_10min,lightgbm,10min,0.99,0.8049,1065.42,0.1851,28232,per_model
TB08_power_target_10min,xgboost,10min,0.5,0.4066,95.36,0.0934,28232,per_model
TB08_power_target_10min,xgboost,10min,0.8,0.6505,289.25,0.1495,28232,per_model
TB08_power_target_10min,xgboost,10min,0.9,0.7318,448.98,0.1682,28232,per_model
TB08_power_target_10min,xgboost,10min,0.95,0.7724,629.16,0.1776,28232,per_model
TB08_power_target_10min,xgboost,10min,0.99,0.8049,1060.99,0.1851,28232,per_model
TB08_power_target_30min,lightgbm,30min,0.5,0.4066,179.79,0.0934,28232,per_model
TB08_power_target_30min,lightgbm,30min,0.8,0.6505,492.12,0.1495,28232,per_model
TB08_power_target_30min,lightgbm,30min,0.9,0.7318,749.92,0.1682,28232,per_model
TB08_power_target_30min,lightgbm,30min,0.95,0.7724,1023.1,0.1776,28232,per_model
TB08_power_target_30min,lightgbm,30min,0.99,0.8049,1695.86,0.1851,28232,per_model
TB08_power_target_30min,xgboost,30min,0.5,0.4066,185.99,0.0934,28232,per_model
TB08_power_target_30min,xgboost,30min,0.8,0.6505,516.81,0.1495,28232,per_model
TB08_power_target_30min,xgboost,30min,0.9,0.7318,758.32,0.1682,28232,per_model
TB08_power_target_30min,xgboost,30min,0.95,0.7724,1027.95,0.1776,28232,per_model
TB08_power_target_30min,xgboost,30min,0.99,0.8049,1681.49,0.1851,28232,per_model
TB08_power_target_1hour,lightgbm,1hour,0.5,0.4066,256.97,0.0934,28232,per_model
TB08_power_target_1hour,lightgbm,1hour,0.8,0.6505,684.8,0.1495,28232,per_model
TB08_power_target_1hour,lightgbm,1hour,0.9,0.7318,996.9,0.1682,28232,per_model
TB08_power_target_1hour,lightgbm,1hour,0.95,0.7724,1331.3,0.1776,28232,per_model
TB08_power_target_1hour,lightgbm,1hour,0.99,0.8049,2120.15,0.1851,28232,per_model
TB08_power_target_1hour,xgboost,1hour,0.5,0.4067,319.9,0.0933,28232,per_model
TB08_power_target_1hour,xgboost,1hour,0.8,0.6505,690.09,0.1495,28232,per_model
TB08_power_target_1hour,xgboost,1hour,0.9,0.7318,1000.32,0.1682,28232,per_model
TB08_power_target_1hour,xgboost,1hour,0.95,0.7724,1327.73,0.1776,28232,per_model
TB08_power_target_1hour,xgboost,1hour,0.99,0.8049,2124.45,0.1851,28232,per_model
TB08_power_target_6hour,lightgbm,6hour,0.5,0.4065,526.54,0.0935,28232,per_model
TB08_power_target_6hour,lightgbm,6hour,0.8,0.6505,1107.51,0.1495,28232,per_model
TB08_power_target_6hour,lightgbm,6hour,0.9,0.7318,1559.18,0.1682,28232,per_model
TB08_power_target_6hour,lightgbm,6hour,0.95,0.7724,1914.96,0.1776,28232,per_model
TB08_power_target_6hour,lightgbm,6hour,0.99,0.8049,2575.08,0.1851,28232,per_model
TB08_power_target_6hour,xgboost,6hour,0.5,0.4066,559.68,0.0934,28232,per_model
TB08_power_target_6hour,xgboost,6hour,0.8,0.6505,1138.12,0.1495,28232,per_model
TB08_power_target_6hour,xgboost,6hour,0.9,0.7318,1538.12,0.1682,28232,per_model
TB08_power_target_6hour,xgboost,6hour,0.95,0.7724,1864.46,0.1776,28232,per_model
TB08_power_target_6hour,xgboost,6hour,0.99,0.8049,2507.8,0.1851,28232,per_model
TB08_power_target_24hour,lightgbm,24hour,0.5,0.4066,611.46,0.0934,28232,per_model
TB08_power_target_24hour,lightgbm,24hour,0.8,0.6505,1244.5,0.1495,28232,per_model
TB08_power_target_24hour,lightgbm,24hour,0.9,0.7318,1770.65,0.1682,28232,per_model
TB08_power_target_24hour,lightgbm,24hour,0.95,0.7724,2241.11,0.1776,28232,per_model
TB08_power_target_24hour,lightgbm,24hour,0.99,0.8049,3082.23,0.1851,28232,per_model
TB08_power_target_24hour,xgboost,24hour,0.5,0.4066,698.99,0.0934,28232,per_model
TB08_power_target_24hour,xgboost,24hour,0.8,0.6505,1299.9,0.1495,28232,per_model
TB08_power_target_24hour,xgboost,24hour,0.9,0.7318,1713.38,0.1682,28232,per_model
TB08_power_target_24hour,xgboost,24hour,0.95,0.7724,2155.86,0.1776,28232,per_model
TB08_power_target_24hour,xgboost,24hour,0.99,0.8049,2824.92,0.1851,28232,per_model
TB09_power_target_10min,lightgbm,10min,0.5,0.4067,94.58,0.0933,28232,per_model
TB09_power_target_10min,lightgbm,10min,0.8,0.6508,281.6,0.1492,28232,per_model
TB09_power_target_10min,lightgbm,10min,0.9,0.7321,440.44,0.1679,28232,per_model
TB09_power_target_10min,lightgbm,10min,0.95,0.7728,633.11,0.1772,28232,per_model
TB09_power_target_10min,lightgbm,10min,0.99,0.8053,1179.38,0.1847,28232,per_model
TB09_power_target_10min,xgboost,10min,0.5,0.4067,103.77,0.0933,28232,per_model
TB09_power_target_10min,xgboost,10min,0.8,0.6508,282.23,0.1492,28232,per_model
TB09_power_target_10min,xgboost,10min,0.9,0.7321,445.23,0.1679,28232,per_model
TB09_power_target_10min,xgboost,10min,0.95,0.7728,636.37,0.1772,28232,per_model
TB09_power_target_10min,xgboost,10min,0.99,0.8053,1156.9,0.1847,28232,per_model
TB09_power_target_30min,lightgbm,30min,0.5,0.4067,178.09,0.0933,28232,per_model
TB09_power_target_30min,lightgbm,30min,0.8,0.6508,487.81,0.1492,28232,per_model
TB09_power_target_30min,lightgbm,30min,0.9,0.7321,759.61,0.1679,28232,per_model
TB09_power_target_30min,lightgbm,30min,0.95,0.7728,1053.17,0.1772,28232,per_model
TB09_power_target_30min,lightgbm,30min,0.99,0.8053,1923.35,0.1847,28232,per_model
TB09_power_target_30min,xgboost,30min,0.5,0.4067,217.42,0.0933,28232,per_model
TB09_power_target_30min,xgboost,30min,0.8,0.6508,487.82,0.1492,28232,per_model
TB09_power_target_30min,xgboost,30min,0.9,0.7321,752.24,0.1679,28232,per_model
TB09_power_target_30min,xgboost,30min,0.95,0.7728,1039.91,0.1772,28232,per_model
TB09_power_target_30min,xgboost,30min,0.99,0.8053,1909.54,0.1847,28232,per_model
TB09_power_target_1hour,lightgbm,1hour,0.5,0.4067,259.33,0.0933,28232,per_model
TB09_power_target_1hour,lightgbm,1hour,0.8,0.6508,673.14,0.1492,28232,per_model
TB09_power_target_1hour,lightgbm,1hour,0.9,0.7321,1013.68,0.1679,28232,per_model
TB09_power_target_1hour,lightgbm,1hour,0.95,0.7728,1375.02,0.1772,28232,per_model
TB09_power_target_1hour,lightgbm,1hour,0.99,0.8053,2371.75,0.1847,28232,per_model
TB09_power_target_1hour,xgboost,1hour,0.5,0.4067,265.87,0.0933,28232,per_model
TB09_power_target_1hour,xgboost,1hour,0.8,0.6508,679.64,0.1492,28232,per_model
TB09_power_target_1hour,xgboost,1hour,0.9,0.7321,1029.96,0.1679,28232,per_model
TB09_power_target_1hour,xgboost,1hour,0.95,0.7728,1396.07,0.1772,28232,per_model
TB09_power_target_1hour,xgboost,1hour,0.99,0.8053,2327.72,0.1847,28232,per_model
TB09_power_target_6hour,lightgbm,6hour,0.5,0.4067,491.15,0.0933,28232,per_model
TB09_power_target_6hour,lightgbm,6hour,0.8,0.6509,1054.29,0.1491,28232,per_model
TB09_power_target_6hour,lightgbm,6hour,0.9,0.7321,1439.38,0.1679,28232,per_model
TB09_power_target_6hour,lightgbm,6hour,0.95,0.7728,1801.22,0.1772,28232,per_model
TB09_power_target_6hour,lightgbm,6hour,0.99,0.8053,2570.98,0.1847,28232,per_model
TB09_power_target_6hour,xgboost,6hour,0.5,0.4067,501.86,0.0933,28232,per_model
TB09_power_target_6hour,xgboost,6hour,0.8,0.6508,1057.34,0.1492,28232,per_model
TB09_power_target_6hour,xgboost,6hour,0.9,0.7321,1437.05,0.1679,28232,per_model
TB09_power_target_6hour,xgboost,6hour,0.95,0.7728,1807.66,0.1772,28232,per_model
TB09_power_target_6hour,xgboost,6hour,0.99,0.8053,2533.39,0.1847,28232,per_model
TB09_power_target_24hour,lightgbm,24hour,0.5,0.4067,597.83,0.0933,28232,per_model
TB09_power_target_24hour,lightgbm,24hour,0.8,0.6508,1197.5,0.1492,28232,per_model
TB09_power_target_24hour,lightgbm,24hour,0.9,0.7321,1745.76,0.1679,28232,per_model
TB09_power_target_24hour,lightgbm,24hour,0.95,0.7728,2266.06,0.1772,28232,per_model
TB09_power_target_24hour,lightgbm,24hour,0.99,0.8053,3158.03,0.1847,28232,per_model
TB09_power_target_24hour,xgboost,24hour,0.5,0.4068,648.99,0.0932,28232,per_model
TB09_power_target_24hour,xgboost,24hour,0.8,0.6508,1175.6,0.1492,28232,per_model
TB09_power_target_24hour,xgboost,24hour,0.9,0.7321,1706.77,0.1679,28232,per_model
TB09_power_target_24hour,xgboost,24hour,0.95,0.7728,2198.82,0.1772,28232,per_model
TB09_power_target_24hour,xgboost,24hour,0.99,0.8053,2966.48,0.1847,28232,per_model
TB10_power_target_10min,lightgbm,10min,0.5,0.4106,104.94,0.0894,28232,per_model
TB10_power_target_10min,lightgbm,10min,0.8,0.6414,290.2,0.1586,28232,per_model
TB10_power_target_10min,lightgbm,10min,0.9,0.7215,442.3,0.1785,28232,per_model
TB10_power_target_10min,lightgbm,10min,0.95,0.7616,602.88,0.1884,28232,per_model
TB10_power_target_10min,lightgbm,10min,0.99,0.7937,1005.26,0.1963,28232,per_model
TB10_power_target_10min,xgboost,10min,0.5,0.4009,102.5,0.0991,28232,per_model
TB10_power_target_10min,xgboost,10min,0.8,0.6414,288.59,0.1586,28232,per_model
TB10_power_target_10min,xgboost,10min,0.9,0.7215,441.38,0.1785,28232,per_model
TB10_power_target_10min,xgboost,10min,0.95,0.7616,605.81,0.1884,28232,per_model
TB10_power_target_10min,xgboost,10min,0.99,0.7937,1014.5,0.1963,28232,per_model
TB10_power_target_30min,lightgbm,30min,0.5,0.4009,184.74,0.0991,28232,per_model
TB10_power_target_30min,lightgbm,30min,0.8,0.6414,479.85,0.1586,28232,per_model
TB10_power_target_30min,lightgbm,30min,0.9,0.7215,717.22,0.1785,28232,per_model
TB10_power_target_30min,lightgbm,30min,0.95,0.7616,977.97,0.1884,28232,per_model
TB10_power_target_30min,lightgbm,30min,0.99,0.7937,1622.42,0.1963,28232,per_model
TB10_power_target_30min,xgboost,30min,0.5,0.4009,189.27,0.0991,28232,per_model
TB10_power_target_30min,xgboost,30min,0.8,0.6414,479.79,0.1586,28232,per_model
TB10_power_target_30min,xgboost,30min,0.9,0.7215,724.58,0.1785,28232,per_model
TB10_power_target_30min,xgboost,30min,0.95,0.7616,985.51,0.1884,28232,per_model
TB10_power_target_30min,xgboost,30min,0.99,0.7937,1624.15,0.1963,28232,per_model
TB10_power_target_1hour,lightgbm,1hour,0.5,0.4009,256.79,0.0991,28232,per_model
TB10_power_target_1hour,lightgbm,1hour,0.8,0.6414,660.6,0.1586,28232,per_model
TB10_power_target_1hour,lightgbm,1hour,0.9,0.7215,972.19,0.1785,28232,per_model
TB10_power_target_1hour,lightgbm,1hour,0.95,0.7616,1286.39,0.1884,28232,per_model
TB10_power_target_1hour,lightgbm,1hour,0.99,0.7937,2017.46,0.1963,28232,per_model
TB10_power_target_1hour,xgboost,1hour,0.5,0.4009,327.12,0.0991,28232,per_model
TB10_power_target_1hour,xgboost,1hour,0.8,0.6414,655.04,0.1586,28232,per_model
TB10_power_target_1hour,xgboost,1hour,0.9,0.7215,963.95,0.1785,28232,per_model
TB10_power_target_1hour,xgboost,1hour,0.95,0.7616,1267.63,0.1884,28232,per_model
TB10_power_target_1hour,xgboost,1hour,0.99,0.7937,2006.19,0.1963,28232,per_model
TB10_power_target_6hour,lightgbm,6hour,0.5,0.4009,495.77,0.0991,28232,per_model
TB10_power_target_6hour,lightgbm,6hour,0.8,0.6414,1031.09,0.1586,28232,per_model
TB10_power_target_6hour,lightgbm,6hour,0.9,0.7215,1460.46,0.1785,28232,per_model
TB10_power_target_6hour,lightgbm,6hour,0.95,0.7616,1796.47,0.1884,28232,per_model
TB10_power_target_6hour,lightgbm,6hour,0.99,0.7937,2410.75,0.1963,28232,per_model
TB10_power_target_6hour,xgboost,6hour,0.5,0.4009,507.66,0.0991,28232,per_model
TB10_power_target_6hour,xgboost,6hour,0.8,0.6414,1054.47,0.1586,28232,per_model
TB10_power_target_6hour,xgboost,6hour,0.9,0.7215,1457.64,0.1785,28232,per_model
TB10_power_target_6hour,xgboost,6hour,0.95,0.7616,1766.95,0.1884,28232,per_model
TB10_power_target_6hour,xgboost,6hour,0.99,0.7937,2370.86,0.1963,28232,per_model
TB10_power_target_24hour,lightgbm,24hour,0.5,0.4009,585.85,0.0991,28232,per_model
TB10_power_target_24hour,lightgbm,24hour,0.8,0.6414,1133.47,0.1586,28232,per_model
TB10_power_target_24hour,lightgbm,24hour,0.9,0.7215,1692.76,0.1785,28232,per_model
TB10_power_target_24hour,lightgbm,24hour,0.95,0.7616,2158.84,0.1884,28232,per_model
TB10_power_target_24hour,lightgbm,24hour,0.99,0.7937,2981.72,0.1963,28232,per_model
TB10_power_target_24hour,xgboost,24hour,0.5,0.4009,658.32,0.0991,28232,per_model
TB10_power_target_24hour,xgboost,24hour,0.8,0.6414,1154.51,0.1586,28232,per_model
TB10_power_target_24hour,xgboost,24hour,0.9,0.7215,1651.36,0.1785,28232,per_model
TB10_power_target_24hour,xgboost,24hour,0.95,0.7616,2131.5,0.1884,28232,per_model
TB10_power_target_24hour,xgboost,24hour,0.99,0.7937,2789.87,0.1963,28232,per_model
TB11_power_target_10min,lightgbm,10min,0.5,0.4067,101.62,0.0933,28232,per_model
TB11_power_target_10min,lightgbm,10min,0.8,0.6508,303.32,0.1492,28232,per_model
TB11_power_target_10min,lightgbm,10min,0.9,0.7321,474.48,0.1679,28232,per_model
TB11_power_target_10min,lightgbm,10min,0.95,0.7727,653.6,0.1773,28232,per_model
TB11_power_target_10min,lightgbm,10min,0.99,0.8053,1090.63,0.1847,28232,per_model
TB11_power_target_10min,xgboost,10min,0.5,0.4067,103.05,0.0933,28232,per_model
TB11_power_target_10min,xgboost,10min,0.8,0.6508,304.99,0.1492,28232,per_model
TB11_power_target_10min,xgboost,10min,0.9,0.7321,477.54,0.1679,28232,per_model
TB11_power_target_10min,xgboost,10min,0.95,0.7727,649.94,0.1773,28232,per_model
TB11_power_target_10min,xgboost,10min,0.99,0.8053,1085.74,0.1847,28232,per_model
TB11_power_target_30min,lightgbm,30min,0.5,0.4067,203.81,0.0933,28232,per_model
TB11_power_target_30min,lightgbm,30min,0.8,0.6508,521.93,0.1492,28232,per_model
TB11_power_target_30min,lightgbm,30min,0.9,0.7321,794.91,0.1679,28232,per_model
TB11_power_target_30min,lightgbm,30min,0.95,0.7727,1063.78,0.1773,28232,per_model
TB11_power_target_30min,lightgbm,30min,0.99,0.8053,1700.24,0.1847,28232,per_model
TB11_power_target_30min,xgboost,30min,0.5,0.4067,235.88,0.0933,28232,per_model
TB11_power_target_30min,xgboost,30min,0.8,0.6508,524.21,0.1492,28232,per_model
TB11_power_target_30min,xgboost,30min,0.9,0.7321,801.58,0.1679,28232,per_model
TB11_power_target_30min,xgboost,30min,0.95,0.7727,1072.51,0.1773,28232,per_model
TB11_power_target_30min,xgboost,30min,0.99,0.8053,1696.15,0.1847,28232,per_model
TB11_power_target_1hour,lightgbm,1hour,0.5,0.4067,267.08,0.0933,28232,per_model
TB11_power_target_1hour,lightgbm,1hour,0.8,0.6508,720.61,0.1492,28232,per_model
TB11_power_target_1hour,lightgbm,1hour,0.9,0.7321,1052.9,0.1679,28232,per_model
TB11_power_target_1hour,lightgbm,1hour,0.95,0.7727,1372.4,0.1773,28232,per_model
TB11_power_target_1hour,lightgbm,1hour,0.99,0.8053,2083.14,0.1847,28232,per_model
TB11_power_target_1hour,xgboost,1hour,0.5,0.4067,333.05,0.0933,28232,per_model
TB11_power_target_1hour,xgboost,1hour,0.8,0.6508,717.67,0.1492,28232,per_model
TB11_power_target_1hour,xgboost,1hour,0.9,0.7321,1039.21,0.1679,28232,per_model
TB11_power_target_1hour,xgboost,1hour,0.95,0.7727,1361.43,0.1773,28232,per_model
TB11_power_target_1hour,xgboost,1hour,0.99,0.8053,2066.58,0.1847,28232,per_model
TB11_power_target_6hour,lightgbm,6hour,0.5,0.4067,547.22,0.0933,28232,per_model
TB11_power_target_6hour,lightgbm,6hour,0.8,0.6508,1121.35,0.1492,28232,per_model
TB11_power_target_6hour,lightgbm,6hour,0.9,0.7321,1512.24,0.1679,28232,per_model
TB11_power_target_6hour,lightgbm,6hour,0.95,0.7727,1849.55,0.1773,28232,per_model
TB11_power_target_6hour,lightgbm,6hour,0.99,0.8053,2496.47,0.1847,28232,per_model
TB11_power_target_6hour,xgboost,6hour,0.5,0.4067,556.32,0.0933,28232,per_model
TB11_power_target_6hour,xgboost,6hour,0.8,0.6508,1151.72,0.1492,28232,per_model
TB11_power_target_6hour,xgboost,6hour,0.9,0.7321,1550.22,0.1679,28232,per_model
TB11_power_target_6hour,xgboost,6hour,0.95,0.7727,1928.72,0.1773,28232,per_model
TB11_power_target_6hour,xgboost,6hour,0.99,0.8053,2619.57,0.1847,28232,per_model
TB11_power_target_24hour,lightgbm,24hour,0.5,0.4067,673.15,0.0933,28232,per_model
TB11_power_target_24hour,lightgbm,24hour,0.8,0.6508,1204.98,0.1492,28232,per_model
TB11_power_target_24hour,lightgbm,24hour,0.9,0.7321,1734.63,0.1679,28232,per_model
TB11_power_target_24hour,lightgbm,24hour,0.95,0.7727,2160.07,0.1773,28232,per_model
TB11_power_target_24hour,lightgbm,24hour,0.99,0.8053,2955.51,0.1847,28232,per_model
TB11_power_target_24hour,xgboost,24hour,0.5,0.4067,719.36,0.0933,28232,per_model
TB11_power_target_24hour,xgboost,24hour,0.8,0.6508,1283.43,0.1492,28232,per_model
TB11_power_target_24hour,xgboost,24hour,0.9,0.7321,1718.87,0.1679,28232,per_model
TB11_power_target_24hour,xgboost,24hour,0.95,0.7727,2123.7,0.1773,28232,per_model
TB11_power_target_24hour,xgboost,24hour,0.99,0.8053,2798.49,0.1847,28232,per_model
TB12_power_target_10min,lightgbm,10min,0.5,0.3908,108.1,0.1092,28232,per_model
TB12_power_target_10min,lightgbm,10min,0.8,0.6252,345.77,0.1748,28232,per_model
TB12_power_target_10min,lightgbm,10min,0.9,0.7034,577.14,0.1966,28232,per_model
TB12_power_target_10min,lightgbm,10min,0.95,0.7424,830.94,0.2076,28232,per_model
TB12_power_target_10min,lightgbm,10min,0.99,0.7737,1965.0,0.2163,28232,per_model
TB12_power_target_10min,xgboost,10min,0.5,0.3908,110.34,0.1092,28232,per_model
TB12_power_target_10min,xgboost,10min,0.8,0.6252,337.37,0.1748,28232,per_model
TB12_power_target_10min,xgboost,10min,0.9,0.7034,582.62,0.1966,28232,per_model
TB12_power_target_10min,xgboost,10min,0.95,0.7424,851.59,0.2076,28232,per_model
TB12_power_target_10min,xgboost,10min,0.99,0.7737,1734.05,0.2163,28232,per_model
TB12_power_target_30min,lightgbm,30min,0.5,0.3908,203.97,0.1092,28232,per_model
TB12_power_target_30min,lightgbm,30min,0.8,0.6252,571.2,0.1748,28232,per_model
TB12_power_target_30min,lightgbm,30min,0.9,0.7034,873.25,0.1966,28232,per_model
TB12_power_target_30min,lightgbm,30min,0.95,0.7424,1180.06,0.2076,28232,per_model
TB12_power_target_30min,lightgbm,30min,0.99,0.7737,1896.54,0.2163,28232,per_model
TB12_power_target_30min,xgboost,30min,0.5,0.3908,232.36,0.1092,28232,per_model
TB12_power_target_30min,xgboost,30min,0.8,0.6252,563.69,0.1748,28232,per_model
TB12_power_target_30min,xgboost,30min,0.9,0.7034,885.1,0.1966,28232,per_model
TB12_power_target_30min,xgboost,30min,0.95,0.7424,1264.07,0.2076,28232,per_model
TB12_power_target_30min,xgboost,30min,0.99,0.7737,2033.3,0.2163,28232,per_model
TB12_power_target_1hour,lightgbm,1hour,0.5,0.3908,283.93,0.1092,28232,per_model
TB12_power_target_1hour,lightgbm,1hour,0.8,0.6252,752.35,0.1748,28232,per_model
TB12_power_target_1hour,lightgbm,1hour,0.9,0.7034,1113.36,0.1966,28232,per_model
TB12_power_target_1hour,lightgbm,1hour,0.95,0.7424,1456.34,0.2076,28232,per_model
TB12_power_target_1hour,lightgbm,1hour,0.99,0.7737,2077.09,0.2163,28232,per_model
TB12_power_target_1hour,xgboost,1hour,0.5,0.3908,330.48,0.1092,28232,per_model
TB12_power_target_1hour,xgboost,1hour,0.8,0.6252,787.43,0.1748,28232,per_model
TB12_power_target_1hour,xgboost,1hour,0.9,0.7034,1172.47,0.1966,28232,per_model
TB12_power_target_1hour,xgboost,1hour,0.95,0.7424,1512.5,0.2076,28232,per_model
TB12_power_target_1hour,xgboost,1hour,0.99,0.7737,2053.61,0.2163,28232,per_model
TB12_power_target_6hour,lightgbm,6hour,0.5,0.3908,564.82,0.1092,28232,per_model
TB12_power_target_6hour,lightgbm,6hour,0.8,0.6252,1150.23,0.1748,28232,per_model
TB12_power_target_6hour,lightgbm,6hour,0.9,0.7034,1580.12,0.1966,28232,per_model
TB12_power_target_6hour,lightgbm,6hour,0.95,0.7424,1908.51,0.2076,28232,per_model
TB12_power_target_6hour,lightgbm,6hour,0.99,0.7737,2579.24,0.2163,28232,per_model
TB12_power_target_6hour,xgboost,6hour,0.5,0.3908,562.44,0.1092,28232,per_model
TB12_power_target_6hour,xgboost,6hour,0.8,0.6252,1183.57,0.1748,28232,per_model
TB12_power_target_6hour,xgboost,6hour,0.9,0.7034,1576.93,0.1966,28232,per_model
TB12_power_target_6hour,xgboost,6hour,0.95,0.7424,1945.02,0.2076,28232,per_model
TB12_power_target_6hour,xgboost,6hour,0.99,0.7737,2542.74,0.2163,28232,per_model
TB12_power_target_24hour,lightgbm,24hour,0.5,0.3908,676.29,0.1092,28232,per_model
TB12_power_target_24hour,lightgbm,24hour,0.8,0.6252,1212.38,0.1748,28232,per_model
TB12_power_target_24hour,lightgbm,24hour,0.9,0.7034,1736.82,0.1966,28232,per_model
TB12_power_target_24hour,lightgbm,24hour,0.95,0.7424,2191.47,0.2076,28232,per_model
TB12_power_target_24hour,lightgbm,24hour,0.99,0.7737,2950.86,0.2163,28232,per_model
TB12_power_target_24hour,xgboost,24hour,0.5,0.3908,703.99,0.1092,28232,per_model
TB12_power_target_24hour,xgboost,24hour,0.8,0.6252,1207.57,0.1748,28232,per_model
TB12_power_target_24hour,xgboost,24hour,0.9,0.7034,1708.97,0.1966,28232,per_model
TB12_power_target_24hour,xgboost,24hour,0.95,0.7424,2172.9,0.2076,28232,per_model
TB12_power_target_24hour,xgboost,24hour,0.99,0.7737,2891.05,0.2163,28232,per_model
TB01,ALL_MODELS,all,0.5,0.4073,108.81,0.0927,56464,per_turbine_breakdown
TB01,ALL_MODELS,all,0.8,0.6507,309.85,0.1493,56464,per_turbine_breakdown
TB01,ALL_MODELS,all,0.9,0.732,465.17,0.168,56464,per_turbine_breakdown
TB01,ALL_MODELS,all,0.95,0.7727,631.77,0.1773,56464,per_turbine_breakdown
TB01,ALL_MODELS,all,0.99,0.8053,1062.88,0.1847,56464,per_turbine_breakdown
TB01,ALL_MODELS,all,0.5,0.4067,321.61,0.0933,56464,per_turbine_breakdown
TB01,ALL_MODELS,all,0.8,0.6507,727.77,0.1493,56464,per_turbine_breakdown
TB01,ALL_MODELS,all,0.9,0.732,1048.36,0.168,56464,per_turbine_breakdown
TB01,ALL_MODELS,all,0.95,0.7727,1383.93,0.1773,56464,per_turbine_breakdown
TB01,ALL_MODELS,all,0.99,0.8053,2114.9,0.1847,56464,per_turbine_breakdown
TB01,ALL_MODELS,all,0.5,0.4067,706.17,0.0933,56464,per_turbine_breakdown
TB01,ALL_MODELS,all,0.8,0.6507,1265.07,0.1493,56464,per_turbine_breakdown
TB01,ALL_MODELS,all,0.9,0.732,1751.61,0.168,56464,per_turbine_breakdown
TB01,ALL_MODELS,all,0.95,0.7727,2252.53,0.1773,56464,per_turbine_breakdown
TB01,ALL_MODELS,all,0.99,0.8053,2968.98,0.1847,56464,per_turbine_breakdown
TB01,ALL_MODELS,all,0.5,0.4067,224.88,0.0933,56464,per_turbine_breakdown
TB01,ALL_MODELS,all,0.8,0.6507,539.34,0.1493,56464,per_turbine_breakdown
TB01,ALL_MODELS,all,0.9,0.732,784.7,0.168,56464,per_turbine_breakdown
TB01,ALL_MODELS,all,0.95,0.7727,1049.85,0.1773,56464,per_turbine_breakdown
TB01,ALL_MODELS,all,0.99,0.8053,1713.81,0.1847,56464,per_turbine_breakdown
TB01,ALL_MODELS,all,0.5,0.4067,575.54,0.0933,56464,per_turbine_breakdown
TB01,ALL_MODELS,all,0.8,0.6507,1158.73,0.1493,56464,per_turbine_breakdown
TB01,ALL_MODELS,all,0.9,0.732,1577.16,0.168,56464,per_turbine_breakdown
TB01,ALL_MODELS,all,0.95,0.7727,1939.62,0.1773,56464,per_turbine_breakdown
TB01,ALL_MODELS,all,0.99,0.8053,2603.39,0.1847,56464,per_turbine_breakdown
TB02,ALL_MODELS,all,0.5,0.4061,113.56,0.0939,56464,per_turbine_breakdown
TB02,ALL_MODELS,all,0.8,0.6497,298.05,0.1503,56464,per_turbine_breakdown
TB02,ALL_MODELS,all,0.9,0.7309,460.83,0.1691,56464,per_turbine_breakdown
TB02,ALL_MODELS,all,0.95,0.7715,632.26,0.1785,56464,per_turbine_breakdown
TB02,ALL_MODELS,all,0.99,0.804,1031.91,0.186,56464,per_turbine_breakdown
TB02,ALL_MODELS,all,0.5,0.4061,269.7,0.0939,56464,per_turbine_breakdown
TB02,ALL_MODELS,all,0.8,0.6497,705.81,0.1503,56464,per_turbine_breakdown
TB02,ALL_MODELS,all,0.9,0.7309,1037.67,0.1691,56464,per_turbine_breakdown
TB02,ALL_MODELS,all,0.95,0.7715,1350.55,0.1785,56464,per_turbine_breakdown
TB02,ALL_MODELS,all,0.99,0.804,2098.32,0.186,56464,per_turbine_breakdown
TB02,ALL_MODELS,all,0.5,0.4061,663.96,0.0939,56464,per_turbine_breakdown
TB02,ALL_MODELS,all,0.8,0.6497,1282.12,0.1503,56464,per_turbine_breakdown
TB02,ALL_MODELS,all,0.9,0.7309,1809.97,0.1691,56464,per_turbine_breakdown
TB02,ALL_MODELS,all,0.95,0.7715,2289.9,0.1785,56464,per_turbine_breakdown
TB02,ALL_MODELS,all,0.99,0.804,3034.32,0.186,56464,per_turbine_breakdown
TB02,ALL_MODELS,all,0.5,0.4105,196.85,0.0895,56464,per_turbine_breakdown
TB02,ALL_MODELS,all,0.8,0.6497,509.78,0.1503,56464,per_turbine_breakdown
TB02,ALL_MODELS,all,0.9,0.7309,776.12,0.1691,56464,per_turbine_breakdown
TB02,ALL_MODELS,all,0.95,0.7715,1051.39,0.1785,56464,per_turbine_breakdown
TB02,ALL_MODELS,all,0.99,0.804,1679.78,0.186,56464,per_turbine_breakdown
TB02,ALL_MODELS,all,0.5,0.4061,547.33,0.0939,56464,per_turbine_breakdown
TB02,ALL_MODELS,all,0.8,0.6497,1148.12,0.1503,56464,per_turbine_breakdown
TB02,ALL_MODELS,all,0.9,0.7309,1573.89,0.1691,56464,per_turbine_breakdown
TB02,ALL_MODELS,all,0.95,0.7715,1925.9,0.1785,56464,per_turbine_breakdown
TB02,ALL_MODELS,all,0.99,0.804,2581.61,0.186,56464,per_turbine_breakdown
TB03,ALL_MODELS,all,0.5,0.4067,108.31,0.0933,56464,per_turbine_breakdown
TB03,ALL_MODELS,all,0.8,0.6508,299.74,0.1492,56464,per_turbine_breakdown
TB03,ALL_MODELS,all,0.9,0.7321,472.46,0.1679,56464,per_turbine_breakdown
TB03,ALL_MODELS,all,0.95,0.7727,645.25,0.1773,56464,per_turbine_breakdown
TB03,ALL_MODELS,all,0.99,0.8053,1081.96,0.1847,56464,per_turbine_breakdown
TB03,ALL_MODELS,all,0.5,0.4067,343.18,0.0933,56464,per_turbine_breakdown
TB03,ALL_MODELS,all,0.8,0.6525,749.25,0.1475,56464,per_turbine_breakdown
TB03,ALL_MODELS,all,0.9,0.7321,1054.88,0.1679,56464,per_turbine_breakdown
TB03,ALL_MODELS,all,0.95,0.7727,1385.53,0.1773,56464,per_turbine_breakdown
TB03,ALL_MODELS,all,0.99,0.8053,2130.59,0.1847,56464,per_turbine_breakdown
TB03,ALL_MODELS,all,0.5,0.4067,709.65,0.0933,56464,per_turbine_breakdown
TB03,ALL_MODELS,all,0.8,0.6508,1274.91,0.1492,56464,per_turbine_breakdown
TB03,ALL_MODELS,all,0.9,0.7321,1757.93,0.1679,56464,per_turbine_breakdown
TB03,ALL_MODELS,all,0.95,0.7727,2190.29,0.1773,56464,per_turbine_breakdown
TB03,ALL_MODELS,all,0.99,0.8053,2905.25,0.1847,56464,per_turbine_breakdown
TB03,ALL_MODELS,all,0.5,0.4081,222.08,0.0919,56464,per_turbine_breakdown
TB03,ALL_MODELS,all,0.8,0.6508,527.57,0.1492,56464,per_turbine_breakdown
TB03,ALL_MODELS,all,0.9,0.7321,795.62,0.1679,56464,per_turbine_breakdown
TB03,ALL_MODELS,all,0.95,0.7727,1079.88,0.1773,56464,per_turbine_breakdown
TB03,ALL_MODELS,all,0.99,0.8053,1720.84,0.1847,56464,per_turbine_breakdown
TB03,ALL_MODELS,all,0.5,0.4067,576.49,0.0933,56464,per_turbine_breakdown
TB03,ALL_MODELS,all,0.8,0.6508,1177.21,0.1492,56464,per_turbine_breakdown
TB03,ALL_MODELS,all,0.9,0.7321,1587.1,0.1679,56464,per_turbine_breakdown
TB03,ALL_MODELS,all,0.95,0.7727,1904.8,0.1773,56464,per_turbine_breakdown
TB03,ALL_MODELS,all,0.99,0.8053,2515.03,0.1847,56464,per_turbine_breakdown
TB04,ALL_MODELS,all,0.5,0.4067,107.41,0.0933,56464,per_turbine_breakdown
TB04,ALL_MODELS,all,0.8,0.6508,305.09,0.1492,56464,per_turbine_breakdown
TB04,ALL_MODELS,all,0.9,0.7321,462.02,0.1679,56464,per_turbine_breakdown
TB04,ALL_MODELS,all,0.95,0.7728,631.22,0.1772,56464,per_turbine_breakdown
TB04,ALL_MODELS,all,0.99,0.8053,1069.69,0.1847,56464,per_turbine_breakdown
TB04,ALL_MODELS,all,0.5,0.4067,296.39,0.0933,56464,per_turbine_breakdown
TB04,ALL_MODELS,all,0.8,0.6508,710.73,0.1492,56464,per_turbine_breakdown
TB04,ALL_MODELS,all,0.9,0.7321,1025.12,0.1679,56464,per_turbine_breakdown
TB04,ALL_MODELS,all,0.95,0.7728,1350.59,0.1772,56464,per_turbine_breakdown
TB04,ALL_MODELS,all,0.99,0.8053,2066.43,0.1847,56464,per_turbine_breakdown
TB04,ALL_MODELS,all,0.5,0.4067,664.0,0.0933,56464,per_turbine_breakdown
TB04,ALL_MODELS,all,0.8,0.6508,1309.97,0.1492,56464,per_turbine_breakdown
TB04,ALL_MODELS,all,0.9,0.7321,1836.31,0.1679,56464,per_turbine_breakdown
TB04,ALL_MODELS,all,0.95,0.7728,2334.66,0.1772,56464,per_turbine_breakdown
TB04,ALL_MODELS,all,0.99,0.8053,3088.03,0.1847,56464,per_turbine_breakdown
TB04,ALL_MODELS,all,0.5,0.4067,215.76,0.0933,56464,per_turbine_breakdown
TB04,ALL_MODELS,all,0.8,0.6508,528.84,0.1492,56464,per_turbine_breakdown
TB04,ALL_MODELS,all,0.9,0.7321,777.51,0.1679,56464,per_turbine_breakdown
TB04,ALL_MODELS,all,0.95,0.7728,1042.84,0.1772,56464,per_turbine_breakdown
TB04,ALL_MODELS,all,0.99,0.8053,1703.52,0.1847,56464,per_turbine_breakdown
TB04,ALL_MODELS,all,0.5,0.4067,594.57,0.0933,56464,per_turbine_breakdown
TB04,ALL_MODELS,all,0.8,0.6508,1171.68,0.1492,56464,per_turbine_breakdown
TB04,ALL_MODELS,all,0.9,0.7321,1580.72,0.1679,56464,per_turbine_breakdown
TB04,ALL_MODELS,all,0.95,0.7728,1930.86,0.1772,56464,per_turbine_breakdown
TB04,ALL_MODELS,all,0.99,0.8053,2572.1,0.1847,56464,per_turbine_breakdown
TB05,ALL_MODELS,all,0.5,0.4006,118.01,0.0994,56464,per_turbine_breakdown
TB05,ALL_MODELS,all,0.8,0.6409,331.44,0.1591,56464,per_turbine_breakdown
TB05,ALL_MODELS,all,0.9,0.721,527.2,0.179,56464,per_turbine_breakdown
TB05,ALL_MODELS,all,0.95,0.7611,745.22,0.1889,56464,per_turbine_breakdown
TB05,ALL_MODELS,all,0.99,0.7931,1367.2,0.1969,56464,per_turbine_breakdown
TB05,ALL_MODELS,all,0.5,0.4006,305.76,0.0994,56464,per_turbine_breakdown
TB05,ALL_MODELS,all,0.8,0.6409,777.27,0.1591,56464,per_turbine_breakdown
TB05,ALL_MODELS,all,0.9,0.721,1139.74,0.179,56464,per_turbine_breakdown
TB05,ALL_MODELS,all,0.95,0.7611,1464.54,0.1889,56464,per_turbine_breakdown
TB05,ALL_MODELS,all,0.99,0.7931,2199.22,0.1969,56464,per_turbine_breakdown
TB05,ALL_MODELS,all,0.5,0.4006,763.25,0.0994,56464,per_turbine_breakdown
TB05,ALL_MODELS,all,0.8,0.6409,1358.68,0.1591,56464,per_turbine_breakdown
TB05,ALL_MODELS,all,0.9,0.721,1837.76,0.179,56464,per_turbine_breakdown
TB05,ALL_MODELS,all,0.95,0.7611,2246.34,0.1889,56464,per_turbine_breakdown
TB05,ALL_MODELS,all,0.99,0.7931,2929.99,0.1969,56464,per_turbine_breakdown
TB05,ALL_MODELS,all,0.5,0.4006,229.07,0.0994,56464,per_turbine_breakdown
TB05,ALL_MODELS,all,0.8,0.6409,576.14,0.1591,56464,per_turbine_breakdown
TB05,ALL_MODELS,all,0.9,0.721,865.05,0.179,56464,per_turbine_breakdown
TB05,ALL_MODELS,all,0.95,0.7611,1187.11,0.1889,56464,per_turbine_breakdown
TB05,ALL_MODELS,all,0.99,0.7931,1915.68,0.1969,56464,per_turbine_breakdown
TB05,ALL_MODELS,all,0.5,0.4006,619.69,0.0994,56464,per_turbine_breakdown
TB05,ALL_MODELS,all,0.8,0.6409,1247.22,0.1591,56464,per_turbine_breakdown
TB05,ALL_MODELS,all,0.9,0.721,1685.98,0.179,56464,per_turbine_breakdown
TB05,ALL_MODELS,all,0.95,0.7611,2056.9,0.1889,56464,per_turbine_breakdown
TB05,ALL_MODELS,all,0.99,0.7931,2660.77,0.1969,56464,per_turbine_breakdown
TB06,ALL_MODELS,all,0.5,0.4067,108.58,0.0933,56464,per_turbine_breakdown
TB06,ALL_MODELS,all,0.8,0.6507,311.99,0.1493,56464,per_turbine_breakdown
TB06,ALL_MODELS,all,0.9,0.732,480.78,0.168,56464,per_turbine_breakdown
TB06,ALL_MODELS,all,0.95,0.7727,653.0,0.1773,56464,per_turbine_breakdown
TB06,ALL_MODELS,all,0.99,0.8052,1040.82,0.1848,56464,per_turbine_breakdown
TB06,ALL_MODELS,all,0.5,0.4073,296.61,0.0927,56464,per_turbine_breakdown
TB06,ALL_MODELS,all,0.8,0.6507,712.81,0.1493,56464,per_turbine_breakdown
TB06,ALL_MODELS,all,0.9,0.732,1048.75,0.168,56464,per_turbine_breakdown
TB06,ALL_MODELS,all,0.95,0.7727,1355.63,0.1773,56464,per_turbine_breakdown
TB06,ALL_MODELS,all,0.99,0.8052,2006.9,0.1848,56464,per_turbine_breakdown
TB06,ALL_MODELS,all,0.5,0.4067,649.39,0.0933,56464,per_turbine_breakdown
TB06,ALL_MODELS,all,0.8,0.6507,1211.24,0.1493,56464,per_turbine_breakdown
TB06,ALL_MODELS,all,0.9,0.732,1721.38,0.168,56464,per_turbine_breakdown
TB06,ALL_MODELS,all,0.95,0.7727,2200.59,0.1773,56464,per_turbine_breakdown
TB06,ALL_MODELS,all,0.99,0.8052,2934.9,0.1848,56464,per_turbine_breakdown
TB06,ALL_MODELS,all,0.5,0.4164,203.83,0.0836,56464,per_turbine_breakdown
TB06,ALL_MODELS,all,0.8,0.6507,525.9,0.1493,56464,per_turbine_breakdown
TB06,ALL_MODELS,all,0.9,0.732,784.76,0.168,56464,per_turbine_breakdown
TB06,ALL_MODELS,all,0.95,0.7727,1051.52,0.1773,56464,per_turbine_breakdown
TB06,ALL_MODELS,all,0.99,0.8052,1634.88,0.1848,56464,per_turbine_breakdown
TB06,ALL_MODELS,all,0.5,0.4067,561.12,0.0933,56464,per_turbine_breakdown
TB06,ALL_MODELS,all,0.8,0.6507,1138.9,0.1493,56464,per_turbine_breakdown
TB06,ALL_MODELS,all,0.9,0.732,1532.61,0.168,56464,per_turbine_breakdown
TB06,ALL_MODELS,all,0.95,0.7727,1852.6,0.1773,56464,per_turbine_breakdown
TB06,ALL_MODELS,all,0.99,0.8052,2483.22,0.1848,56464,per_turbine_breakdown
TB07,ALL_MODELS,all,0.5,0.4009,108.67,0.0991,56464,per_turbine_breakdown
TB07,ALL_MODELS,all,0.8,0.6414,309.14,0.1586,56464,per_turbine_breakdown
TB07,ALL_MODELS,all,0.9,0.7216,474.87,0.1784,56464,per_turbine_breakdown
TB07,ALL_MODELS,all,0.95,0.7617,648.2,0.1883,56464,per_turbine_breakdown
TB07,ALL_MODELS,all,0.99,0.7937,1048.65,0.1963,56464,per_turbine_breakdown
TB07,ALL_MODELS,all,0.5,0.4009,272.48,0.0991,56464,per_turbine_breakdown
TB07,ALL_MODELS,all,0.8,0.6414,707.39,0.1586,56464,per_turbine_breakdown
TB07,ALL_MODELS,all,0.9,0.7216,1027.2,0.1784,56464,per_turbine_breakdown
TB07,ALL_MODELS,all,0.95,0.7617,1325.97,0.1883,56464,per_turbine_breakdown
TB07,ALL_MODELS,all,0.99,0.7937,2015.22,0.1963,56464,per_turbine_breakdown
TB07,ALL_MODELS,all,0.5,0.4009,656.13,0.0991,56464,per_turbine_breakdown
TB07,ALL_MODELS,all,0.8,0.6414,1205.82,0.1586,56464,per_turbine_breakdown
TB07,ALL_MODELS,all,0.9,0.7216,1710.54,0.1784,56464,per_turbine_breakdown
TB07,ALL_MODELS,all,0.95,0.7617,2176.24,0.1883,56464,per_turbine_breakdown
TB07,ALL_MODELS,all,0.99,0.7937,2910.13,0.1963,56464,per_turbine_breakdown
TB07,ALL_MODELS,all,0.5,0.4009,211.82,0.0991,56464,per_turbine_breakdown
TB07,ALL_MODELS,all,0.8,0.6414,526.39,0.1586,56464,per_turbine_breakdown
TB07,ALL_MODELS,all,0.9,0.7216,784.93,0.1784,56464,per_turbine_breakdown
TB07,ALL_MODELS,all,0.95,0.7617,1053.26,0.1883,56464,per_turbine_breakdown
TB07,ALL_MODELS,all,0.99,0.7937,1642.61,0.1963,56464,per_turbine_breakdown
TB07,ALL_MODELS,all,0.5,0.4009,522.15,0.0991,56464,per_turbine_breakdown
TB07,ALL_MODELS,all,0.8,0.6414,1106.86,0.1586,56464,per_turbine_breakdown
TB07,ALL_MODELS,all,0.9,0.7216,1484.86,0.1784,56464,per_turbine_breakdown
TB07,ALL_MODELS,all,0.95,0.7617,1811.61,0.1883,56464,per_turbine_breakdown
TB07,ALL_MODELS,all,0.99,0.7937,2509.84,0.1963,56464,per_turbine_breakdown
TB08,ALL_MODELS,all,0.5,0.4066,96.02,0.0934,56464,per_turbine_breakdown
TB08,ALL_MODELS,all,0.8,0.6505,288.26,0.1495,56464,per_turbine_breakdown
TB08,ALL_MODELS,all,0.9,0.7318,449.78,0.1682,56464,per_turbine_breakdown
TB08,ALL_MODELS,all,0.95,0.7724,628.55,0.1776,56464,per_turbine_breakdown
TB08,ALL_MODELS,all,0.99,0.8049,1063.2,0.1851,56464,per_turbine_breakdown
TB08,ALL_MODELS,all,0.5,0.4067,288.44,0.0933,56464,per_turbine_breakdown
TB08,ALL_MODELS,all,0.8,0.6505,687.44,0.1495,56464,per_turbine_breakdown
TB08,ALL_MODELS,all,0.9,0.7318,998.61,0.1682,56464,per_turbine_breakdown
TB08,ALL_MODELS,all,0.95,0.7724,1329.51,0.1776,56464,per_turbine_breakdown
TB08,ALL_MODELS,all,0.99,0.8049,2122.3,0.1851,56464,per_turbine_breakdown
TB08,ALL_MODELS,all,0.5,0.4066,655.23,0.0934,56464,per_turbine_breakdown
TB08,ALL_MODELS,all,0.8,0.6505,1272.2,0.1495,56464,per_turbine_breakdown
TB08,ALL_MODELS,all,0.9,0.7318,1742.02,0.1682,56464,per_turbine_breakdown
TB08,ALL_MODELS,all,0.95,0.7724,2198.49,0.1776,56464,per_turbine_breakdown
TB08,ALL_MODELS,all,0.99,0.8049,2953.57,0.1851,56464,per_turbine_breakdown
TB08,ALL_MODELS,all,0.5,0.4066,182.89,0.0934,56464,per_turbine_breakdown
TB08,ALL_MODELS,all,0.8,0.6505,504.46,0.1495,56464,per_turbine_breakdown
TB08,ALL_MODELS,all,0.9,0.7318,754.12,0.1682,56464,per_turbine_breakdown
TB08,ALL_MODELS,all,0.95,0.7724,1025.53,0.1776,56464,per_turbine_breakdown
TB08,ALL_MODELS,all,0.99,0.8049,1688.67,0.1851,56464,per_turbine_breakdown
TB08,ALL_MODELS,all,0.5,0.4065,543.11,0.0935,56464,per_turbine_breakdown
TB08,ALL_MODELS,all,0.8,0.6505,1122.82,0.1495,56464,per_turbine_breakdown
TB08,ALL_MODELS,all,0.9,0.7318,1548.65,0.1682,56464,per_turbine_breakdown
TB08,ALL_MODELS,all,0.95,0.7724,1889.71,0.1776,56464,per_turbine_breakdown
TB08,ALL_MODELS,all,0.99,0.8049,2541.44,0.1851,56464,per_turbine_breakdown
TB09,ALL_MODELS,all,0.5,0.4067,99.17,0.0933,56464,per_turbine_breakdown
TB09,ALL_MODELS,all,0.8,0.6508,281.92,0.1492,56464,per_turbine_breakdown
TB09,ALL_MODELS,all,0.9,0.7321,442.84,0.1679,56464,per_turbine_breakdown
TB09,ALL_MODELS,all,0.95,0.7728,634.74,0.1772,56464,per_turbine_breakdown
TB09,ALL_MODELS,all,0.99,0.8053,1168.14,0.1847,56464,per_turbine_breakdown
TB09,ALL_MODELS,all,0.5,0.4067,262.6,0.0933,56464,per_turbine_breakdown
TB09,ALL_MODELS,all,0.8,0.6508,676.39,0.1492,56464,per_turbine_breakdown
TB09,ALL_MODELS,all,0.9,0.7321,1021.82,0.1679,56464,per_turbine_breakdown
TB09,ALL_MODELS,all,0.95,0.7728,1385.55,0.1772,56464,per_turbine_breakdown
TB09,ALL_MODELS,all,0.99,0.8053,2349.73,0.1847,56464,per_turbine_breakdown
TB09,ALL_MODELS,all,0.5,0.4068,623.41,0.0932,56464,per_turbine_breakdown
TB09,ALL_MODELS,all,0.8,0.6508,1186.55,0.1492,56464,per_turbine_breakdown
TB09,ALL_MODELS,all,0.9,0.7321,1726.26,0.1679,56464,per_turbine_breakdown
TB09,ALL_MODELS,all,0.95,0.7728,2232.44,0.1772,56464,per_turbine_breakdown
TB09,ALL_MODELS,all,0.99,0.8053,3062.26,0.1847,56464,per_turbine_breakdown
TB09,ALL_MODELS,all,0.5,0.4067,197.75,0.0933,56464,per_turbine_breakdown
TB09,ALL_MODELS,all,0.8,0.6508,487.81,0.1492,56464,per_turbine_breakdown
TB09,ALL_MODELS,all,0.9,0.7321,755.92,0.1679,56464,per_turbine_breakdown
TB09,ALL_MODELS,all,0.95,0.7728,1046.54,0.1772,56464,per_turbine_breakdown
TB09,ALL_MODELS,all,0.99,0.8053,1916.44,0.1847,56464,per_turbine_breakdown
TB09,ALL_MODELS,all,0.5,0.4067,496.5,0.0933,56464,per_turbine_breakdown
TB09,ALL_MODELS,all,0.8,0.6509,1055.82,0.1492,56464,per_turbine_breakdown
TB09,ALL_MODELS,all,0.9,0.7321,1438.22,0.1679,56464,per_turbine_breakdown
TB09,ALL_MODELS,all,0.95,0.7728,1804.44,0.1772,56464,per_turbine_breakdown
TB09,ALL_MODELS,all,0.99,0.8053,2552.18,0.1847,56464,per_turbine_breakdown
TB10,ALL_MODELS,all,0.5,0.4057,103.72,0.0943,56464,per_turbine_breakdown
TB10,ALL_MODELS,all,0.8,0.6414,289.39,0.1586,56464,per_turbine_breakdown
TB10,ALL_MODELS,all,0.9,0.7215,441.84,0.1785,56464,per_turbine_breakdown
TB10,ALL_MODELS,all,0.95,0.7616,604.35,0.1884,56464,per_turbine_breakdown
TB10,ALL_MODELS,all,0.99,0.7937,1009.88,0.1963,56464,per_turbine_breakdown
TB10,ALL_MODELS,all,0.5,0.4009,291.96,0.0991,56464,per_turbine_breakdown
TB10,ALL_MODELS,all,0.8,0.6414,657.82,0.1586,56464,per_turbine_breakdown
TB10,ALL_MODELS,all,0.9,0.7215,968.07,0.1785,56464,per_turbine_breakdown
TB10,ALL_MODELS,all,0.95,0.7616,1277.01,0.1884,56464,per_turbine_breakdown
TB10,ALL_MODELS,all,0.99,0.7937,2011.83,0.1963,56464,per_turbine_breakdown
TB10,ALL_MODELS,all,0.5,0.4009,622.09,0.0991,56464,per_turbine_breakdown
TB10,ALL_MODELS,all,0.8,0.6414,1143.99,0.1586,56464,per_turbine_breakdown
TB10,ALL_MODELS,all,0.9,0.7215,1672.06,0.1785,56464,per_turbine_breakdown
TB10,ALL_MODELS,all,0.95,0.7616,2145.17,0.1884,56464,per_turbine_breakdown
TB10,ALL_MODELS,all,0.99,0.7937,2885.8,0.1963,56464,per_turbine_breakdown
TB10,ALL_MODELS,all,0.5,0.4009,187.0,0.0991,56464,per_turbine_breakdown
TB10,ALL_MODELS,all,0.8,0.6414,479.82,0.1586,56464,per_turbine_breakdown
TB10,ALL_MODELS,all,0.9,0.7215,720.9,0.1785,56464,per_turbine_breakdown
TB10,ALL_MODELS,all,0.95,0.7616,981.74,0.1884,56464,per_turbine_breakdown
TB10,ALL_MODELS,all,0.99,0.7937,1623.29,0.1963,56464,per_turbine_breakdown
TB10,ALL_MODELS,all,0.5,0.4009,501.72,0.0991,56464,per_turbine_breakdown
TB10,ALL_MODELS,all,0.8,0.6414,1042.78,0.1586,56464,per_turbine_breakdown
TB10,ALL_MODELS,all,0.9,0.7215,1459.05,0.1785,56464,per_turbine_breakdown
TB10,ALL_MODELS,all,0.95,0.7616,1781.71,0.1884,56464,per_turbine_breakdown
TB10,ALL_MODELS,all,0.99,0.7937,2390.81,0.1963,56464,per_turbine_breakdown
TB11,ALL_MODELS,all,0.5,0.4067,102.34,0.0933,56464,per_turbine_breakdown
TB11,ALL_MODELS,all,0.8,0.6508,304.15,0.1492,56464,per_turbine_breakdown
TB11,ALL_MODELS,all,0.9,0.7321,476.01,0.1679,56464,per_turbine_breakdown
TB11,ALL_MODELS,all,0.95,0.7727,651.77,0.1773,56464,per_turbine_breakdown
TB11,ALL_MODELS,all,0.99,0.8053,1088.18,0.1847,56464,per_turbine_breakdown
TB11,ALL_MODELS,all,0.5,0.4067,300.06,0.0933,56464,per_turbine_breakdown
TB11,ALL_MODELS,all,0.8,0.6508,719.14,0.1492,56464,per_turbine_breakdown
TB11,ALL_MODELS,all,0.9,0.7321,1046.06,0.1679,56464,per_turbine_breakdown
TB11,ALL_MODELS,all,0.95,0.7727,1366.91,0.1773,56464,per_turbine_breakdown
TB11,ALL_MODELS,all,0.99,0.8053,2074.86,0.1847,56464,per_turbine_breakdown
TB11,ALL_MODELS,all,0.5,0.4067,696.25,0.0933,56464,per_turbine_breakdown
TB11,ALL_MODELS,all,0.8,0.6508,1244.2,0.1492,56464,per_turbine_breakdown
TB11,ALL_MODELS,all,0.9,0.7321,1726.75,0.1679,56464,per_turbine_breakdown
TB11,ALL_MODELS,all,0.95,0.7727,2141.89,0.1773,56464,per_turbine_breakdown
TB11,ALL_MODELS,all,0.99,0.8053,2877.0,0.1847,56464,per_turbine_breakdown
TB11,ALL_MODELS,all,0.5,0.4067,219.84,0.0933,56464,per_turbine_breakdown
TB11,ALL_MODELS,all,0.8,0.6508,523.07,0.1492,56464,per_turbine_breakdown
TB11,ALL_MODELS,all,0.9,0.7321,798.25,0.1679,56464,per_turbine_breakdown
TB11,ALL_MODELS,all,0.95,0.7727,1068.14,0.1773,56464,per_turbine_breakdown
TB11,ALL_MODELS,all,0.99,0.8053,1698.2,0.1847,56464,per_turbine_breakdown
TB11,ALL_MODELS,all,0.5,0.4067,551.77,0.0933,56464,per_turbine_breakdown
TB11,ALL_MODELS,all,0.8,0.6508,1136.53,0.1492,56464,per_turbine_breakdown
TB11,ALL_MODELS,all,0.9,0.7321,1531.23,0.1679,56464,per_turbine_breakdown
TB11,ALL_MODELS,all,0.95,0.7727,1889.13,0.1773,56464,per_turbine_breakdown
TB11,ALL_MODELS,all,0.99,0.8053,2558.02,0.1847,56464,per_turbine_breakdown
TB12,ALL_MODELS,all,0.5,0.3908,109.22,0.1092,56464,per_turbine_breakdown
TB12,ALL_MODELS,all,0.8,0.6252,341.57,0.1748,56464,per_turbine_breakdown
TB12,ALL_MODELS,all,0.9,0.7034,579.88,0.1966,56464,per_turbine_breakdown
TB12,ALL_MODELS,all,0.95,0.7424,841.27,0.2076,56464,per_turbine_breakdown
TB12,ALL_MODELS,all,0.99,0.7737,1849.53,0.2163,56464,per_turbine_breakdown
TB12,ALL_MODELS,all,0.5,0.3908,307.21,0.1092,56464,per_turbine_breakdown
TB12,ALL_MODELS,all,0.8,0.6252,769.89,0.1748,56464,per_turbine_breakdown
TB12,ALL_MODELS,all,0.9,0.7034,1142.91,0.1966,56464,per_turbine_breakdown
TB12,ALL_MODELS,all,0.95,0.7424,1484.42,0.2076,56464,per_turbine_breakdown
TB12,ALL_MODELS,all,0.99,0.7737,2065.35,0.2163,56464,per_turbine_breakdown
TB12,ALL_MODELS,all,0.5,0.3908,690.14,0.1092,56464,per_turbine_breakdown
TB12,ALL_MODELS,all,0.8,0.6252,1209.97,0.1748,56464,per_turbine_breakdown
TB12,ALL_MODELS,all,0.9,0.7034,1722.89,0.1966,56464,per_turbine_breakdown
TB12,ALL_MODELS,all,0.95,0.7424,2182.18,0.2076,56464,per_turbine_breakdown
TB12,ALL_MODELS,all,0.99,0.7737,2920.95,0.2163,56464,per_turbine_breakdown
TB12,ALL_MODELS,all,0.5,0.3908,218.17,0.1092,56464,per_turbine_breakdown
TB12,ALL_MODELS,all,0.8,0.6252,567.45,0.1748,56464,per_turbine_breakdown
TB12,ALL_MODELS,all,0.9,0.7034,879.17,0.1966,56464,per_turbine_breakdown
TB12,ALL_MODELS,all,0.95,0.7424,1222.07,0.2076,56464,per_turbine_breakdown
TB12,ALL_MODELS,all,0.99,0.7737,1964.92,0.2163,56464,per_turbine_breakdown
TB12,ALL_MODELS,all,0.5,0.3908,563.63,0.1092,56464,per_turbine_breakdown
TB12,ALL_MODELS,all,0.8,0.6252,1166.9,0.1748,56464,per_turbine_breakdown
TB12,ALL_MODELS,all,0.9,0.7034,1578.53,0.1966,56464,per_turbine_breakdown
TB12,ALL_MODELS,all,0.95,0.7424,1926.76,0.2076,56464,per_turbine_breakdown
TB12,ALL_MODELS,all,0.99,0.7737,2560.99,0.2163,56464,per_turbine_breakdown
farm,ALL_MODELS,all,0.5,0.5,1294.07,0.0,28232,per_turbine_breakdown
farm,ALL_MODELS,all,0.8,0.8,2028.92,0.0,28232,per_turbine_breakdown
farm,ALL_MODELS,all,0.9,0.9,3266.72,0.0,28232,per_turbine_breakdown
farm,ALL_MODELS,all,0.95,0.95,4635.4,0.0,28232,per_turbine_breakdown
farm,ALL_MODELS,all,0.99,0.99,8127.92,0.0,28232,per_turbine_breakdown
farm,ALL_MODELS,all,0.5,0.5001,4336.43,0.0001,28232,per_turbine_breakdown
farm,ALL_MODELS,all,0.8,0.8,6172.8,0.0,28232,per_turbine_breakdown
farm,ALL_MODELS,all,0.9,0.9,9383.25,0.0,28232,per_turbine_breakdown
farm,ALL_MODELS,all,0.95,0.95,12804.67,0.0,28232,per_turbine_breakdown
farm,ALL_MODELS,all,0.99,0.99,20598.35,0.0,28232,per_turbine_breakdown
farm,ALL_MODELS,all,0.5,0.592,8165.83,0.092,28232,per_turbine_breakdown
farm,ALL_MODELS,all,0.8,0.8,13109.28,0.0,28232,per_turbine_breakdown
farm,ALL_MODELS,all,0.9,0.9,18536.48,0.0,28232,per_turbine_breakdown
farm,ALL_MODELS,all,0.95,0.95,23381.33,0.0,28232,per_turbine_breakdown
farm,ALL_MODELS,all,0.99,0.99,32206.72,0.0,28232,per_turbine_breakdown
farm,ALL_MODELS,all,0.5,0.5,3184.31,0.0,28232,per_turbine_breakdown
farm,ALL_MODELS,all,0.8,0.9521,9612.64,0.1521,28232,per_turbine_breakdown
farm,ALL_MODELS,all,0.9,0.9521,9612.64,0.0521,28232,per_turbine_breakdown
farm,ALL_MODELS,all,0.95,0.9521,9612.64,0.0021,28232,per_turbine_breakdown
farm,ALL_MODELS,all,0.99,0.99,15676.71,0.0,28232,per_turbine_breakdown
farm,ALL_MODELS,all,0.5,0.5,8019.42,0.0,28232,per_turbine_breakdown
farm,ALL_MODELS,all,0.8,0.8,13537.0,0.0,28232,per_turbine_breakdown
farm,ALL_MODELS,all,0.9,0.9,17987.46,0.0,28232,per_turbine_breakdown
farm,ALL_MODELS,all,0.95,0.9577,20231.87,0.0077,28232,per_turbine_breakdown
farm,ALL_MODELS,all,0.99,0.99,26632.66,0.0,28232,per_turbine_breakdown
TB12 (all models/horizons),ALL_MODELS,all,0.5,0.3908,377.67,0.1092,282320,tb12_vs_others
TB12 (all models/horizons),ALL_MODELS,all,0.8,0.6252,811.16,0.1748,282320,tb12_vs_others
TB12 (all models/horizons),ALL_MODELS,all,0.9,0.7034,1180.68,0.1966,282320,tb12_vs_others
TB12 (all models/horizons),ALL_MODELS,all,0.95,0.7424,1531.34,0.2076,282320,tb12_vs_others
TB12 (all models/horizons),ALL_MODELS,all,0.99,0.7737,2272.35,0.2163,282320,tb12_vs_others
TB01..TB11 (all models/horizons),ALL_MODELS,all,0.5,0.4148,753.58,0.0852,3246680,tb12_vs_others
TB01..TB11 (all models/horizons),ALL_MODELS,all,0.8,0.6633,1460.2,0.1367,3246680,tb12_vs_others
TB01..TB11 (all models/horizons),ALL_MODELS,all,0.9,0.7441,2004.11,0.1559,3246680,tb12_vs_others
TB01..TB11 (all models/horizons),ALL_MODELS,all,0.95,0.7847,2493.03,0.1653,3246680,tb12_vs_others
TB01..TB11 (all models/horizons),ALL_MODELS,all,0.99,0.8176,3632.03,0.1724,3246680,tb12_vs_others
