timestamp,ramp_type,expected_change,probability,threshold,affected_turbines,method,confirmed,verification_status
2026-02-01T10:50:00.000000000,ramp_up,1.1049,0.221,0.1,TB01,heuristic_screening,False,SCREENING_ONLY
2026-02-03T00:00:00.000000000,ramp_down,-1.1187,0.2237,0.1,TB01,heuristic_screening,False,SCREENING_ONLY
2026-02-04T17:40:00.000000000,ramp_down,-1.3222,0.2644,0.1,TB01,heuristic_screening,False,SCREENING_ONLY
2026-02-18T05:30:00.000000000,ramp_up,1.0604,0.2121,0.1,TB01,heuristic_screening,False,SCREENING_ONLY
2026-03-02T06:10:00.000000000,ramp_up,1.1622,0.2324,0.1,TB01,heuristic_screening,False,SCREENING_ONLY
2026-03-17T11:20:00.000000000,ramp_up,1.3674,0.2735,0.1,TB01,heuristic_screening,False,SCREENING_ONLY
2026-05-26T17:00:00.000000000,ramp_up,1.0916,0.2183,0.1,TB01,heuristic_screening,False,SCREENING_ONLY
2026-05-26T18:30:00.000000000,ramp_up,1.0766,0.2153,0.1,TB01,heuristic_screening,False,SCREENING_ONLY
2026-05-27T16:50:00.000000000,ramp_down,-1.0321,0.2064,0.1,TB01,heuristic_screening,False,SCREENING_ONLY
2026-05-29T01:20:00.000000000,ramp_up,1.3014,0.2603,0.1,TB01,heuristic_screening,False,SCREENING_ONLY
2026-06-05T00:00:00.000000000,ramp_up,1.2745,0.2549,0.1,TB01,heuristic_screening,False,SCREENING_ONLY
2026-06-16T22:40:00.000000000,ramp_up,1.0044,0.2009,0.1,TB01,heuristic_screening,False,SCREENING_ONLY
2026-06-17T00:20:00.000000000,ramp_down,-1.0735,0.2147,0.1,TB01,heuristic_screening,False,SCREENING_ONLY
2026-07-02T00:00:00.000000000,ramp_down,-1.1814,0.2363,0.1,TB01,heuristic_screening,False,SCREENING_ONLY
2026-07-22T11:30:00.000000000,ramp_down,-1.9471,0.3894,0.1,TB01,heuristic_screening,False,SCREENING_ONLY
2026-07-22T12:30:00.000000000,ramp_up,1.8713,0.3743,0.1,TB01,heuristic_screening,False,SCREENING_ONLY
2026-07-22T15:00:00.000000000,ramp_down,-1.2488,0.2498,0.1,TB01,heuristic_screening,False,SCREENING_ONLY
2026-02-13T15:20:00.000000000,ramp_down,-1.4943,0.2989,0.1,TB02,heuristic_screening,False,SCREENING_ONLY
2026-02-13T17:00:00.000000000,ramp_up,1.6851,0.337,0.1,TB02,heuristic_screening,False,SCREENING_ONLY
2026-02-13T17:10:00.000000000,ramp_down,-1.2135,0.2427,0.1,TB02,heuristic_screening,False,SCREENING_ONLY
2026-02-16T11:40:00.000000000,ramp_up,1.0563,0.2113,0.1,TB02,heuristic_screening,False,SCREENING_ONLY
2026-02-20T19:50:00.000000000,ramp_down,-1.1599,0.232,0.1,TB02,heuristic_screening,False,SCREENING_ONLY
2026-03-01T00:00:00.000000000,ramp_up,1.6392,0.3278,0.1,TB02,heuristic_screening,False,SCREENING_ONLY
2026-03-02T06:10:00.000000000,ramp_up,1.2394,0.2479,0.1,TB02,heuristic_screening,False,SCREENING_ONLY
2026-03-13T01:40:00.000000000,ramp_up,1.0541,0.2108,0.1,TB02,heuristic_screening,False,SCREENING_ONLY
2026-03-13T07:40:00.000000000,ramp_down,-1.0209,0.2042,0.1,TB02,heuristic_screening,False,SCREENING_ONLY
2026-03-18T10:20:00.000000000,ramp_up,1.0136,0.2027,0.1,TB02,heuristic_screening,False,SCREENING_ONLY
2026-04-01T00:00:00.000000000,ramp_up,1.1767,0.2353,0.1,TB02,heuristic_screening,False,SCREENING_ONLY
2026-05-27T15:00:00.000000000,ramp_down,-1.1297,0.2259,0.1,TB02,heuristic_screening,False,SCREENING_ONLY
2026-05-29T01:20:00.000000000,ramp_up,1.2985,0.2597,0.1,TB02,heuristic_screening,False,SCREENING_ONLY
2026-06-01T10:40:00.000000000,ramp_up,1.0104,0.2021,0.1,TB02,heuristic_screening,False,SCREENING_ONLY
2026-06-01T13:00:00.000000000,ramp_up,1.0856,0.2171,0.1,TB02,heuristic_screening,False,SCREENING_ONLY
2026-06-02T00:00:00.000000000,ramp_down,-1.3496,0.2699,0.1,TB02,heuristic_screening,False,SCREENING_ONLY
2026-06-05T00:00:00.000000000,ramp_up,1.1531,0.2306,0.1,TB02,heuristic_screening,False,SCREENING_ONLY
2026-06-17T00:20:00.000000000,ramp_down,-1.077,0.2154,0.1,TB02,heuristic_screening,False,SCREENING_ONLY
2026-07-01T00:00:00.000000000,ramp_up,1.2134,0.2427,0.1,TB02,heuristic_screening,False,SCREENING_ONLY
2026-07-02T00:00:00.000000000,ramp_down,-1.0389,0.2078,0.1,TB02,heuristic_screening,False,SCREENING_ONLY
2026-07-22T15:00:00.000000000,ramp_down,-1.0731,0.2146,0.1,TB02,heuristic_screening,False,SCREENING_ONLY
2026-02-17T03:10:00.000000000,ramp_up,1.018,0.2036,0.1,TB03,heuristic_screening,False,SCREENING_ONLY
2026-02-17T03:30:00.000000000,ramp_down,-1.1367,0.2273,0.1,TB03,heuristic_screening,False,SCREENING_ONLY
2026-02-25T21:30:00.000000000,ramp_down,-1.1083,0.2217,0.1,TB03,heuristic_screening,False,SCREENING_ONLY
2026-03-01T00:00:00.000000000,ramp_up,1.6683,0.3337,0.1,TB03,heuristic_screening,False,SCREENING_ONLY
2026-03-01T09:50:00.000000000,ramp_down,-1.0009,0.2002,0.1,TB03,heuristic_screening,False,SCREENING_ONLY
2026-04-01T00:00:00.000000000,ramp_up,1.1391,0.2278,0.1,TB03,heuristic_screening,False,SCREENING_ONLY
2026-05-26T16:30:00.000000000,ramp_down,-1.0629,0.2126,0.1,TB03,heuristic_screening,False,SCREENING_ONLY
2026-05-26T17:00:00.000000000,ramp_up,1.4471,0.2894,0.1,TB03,heuristic_screening,False,SCREENING_ONLY
2026-05-26T18:10:00.000000000,ramp_down,-1.2054,0.2411,0.1,TB03,heuristic_screening,False,SCREENING_ONLY
2026-05-26T18:30:00.000000000,ramp_up,1.5403,0.3081,0.1,TB03,heuristic_screening,False,SCREENING_ONLY
2026-05-26T18:40:00.000000000,ramp_down,-1.1518,0.2304,0.1,TB03,heuristic_screening,False,SCREENING_ONLY
2026-05-29T01:20:00.000000000,ramp_up,1.4073,0.2815,0.1,TB03,heuristic_screening,False,SCREENING_ONLY
2026-06-01T10:40:00.000000000,ramp_up,1.1386,0.2277,0.1,TB03,heuristic_screening,False,SCREENING_ONLY
2026-06-02T00:00:00.000000000,ramp_down,-1.7079,0.3416,0.1,TB03,heuristic_screening,False,SCREENING_ONLY
2026-06-23T14:50:00.000000000,ramp_down,-1.56,0.312,0.1,TB03,heuristic_screening,False,SCREENING_ONLY
2026-06-23T15:30:00.000000000,ramp_up,1.002,0.2004,0.1,TB03,heuristic_screening,False,SCREENING_ONLY
2026-07-01T00:00:00.000000000,ramp_up,1.3208,0.2642,0.1,TB03,heuristic_screening,False,SCREENING_ONLY
2026-07-02T00:00:00.000000000,ramp_down,-1.3391,0.2678,0.1,TB03,heuristic_screening,False,SCREENING_ONLY
2026-07-18T16:00:00.000000000,ramp_down,-1.2492,0.2498,0.1,TB03,heuristic_screening,False,SCREENING_ONLY
2026-07-18T16:30:00.000000000,ramp_up,1.9553,0.3911,0.1,TB03,heuristic_screening,False,SCREENING_ONLY
2026-01-21T11:20:00.000000000,ramp_up,1.0324,0.2065,0.1,TB04,heuristic_screening,False,SCREENING_ONLY
2026-02-01T10:50:00.000000000,ramp_up,1.0835,0.2167,0.1,TB04,heuristic_screening,False,SCREENING_ONLY
2026-02-03T00:00:00.000000000,ramp_down,-1.4712,0.2942,0.1,TB04,heuristic_screening,False,SCREENING_ONLY
2026-02-18T05:30:00.000000000,ramp_up,1.2117,0.2423,0.1,TB04,heuristic_screening,False,SCREENING_ONLY
2026-02-24T21:00:00.000000000,ramp_up,1.2921,0.2584,0.1,TB04,heuristic_screening,False,SCREENING_ONLY
2026-03-16T01:30:00.000000000,ramp_up,1.0726,0.2145,0.1,TB04,heuristic_screening,False,SCREENING_ONLY
2026-03-16T01:50:00.000000000,ramp_down,-1.1557,0.2311,0.1,TB04,heuristic_screening,False,SCREENING_ONLY
2026-05-26T16:40:00.000000000,ramp_down,-1.1243,0.2249,0.1,TB04,heuristic_screening,False,SCREENING_ONLY
2026-05-27T16:10:00.000000000,ramp_up,1.3567,0.2713,0.1,TB04,heuristic_screening,False,SCREENING_ONLY
2026-05-29T01:20:00.000000000,ramp_up,1.4038,0.2808,0.1,TB04,heuristic_screening,False,SCREENING_ONLY
2026-05-29T01:50:00.000000000,ramp_down,-1.1805,0.2361,0.1,TB04,heuristic_screening,False,SCREENING_ONLY
2026-06-02T00:00:00.000000000,ramp_down,-1.0454,0.2091,0.1,TB04,heuristic_screening,False,SCREENING_ONLY
2026-06-05T00:00:00.000000000,ramp_up,1.128,0.2256,0.1,TB04,heuristic_screening,False,SCREENING_ONLY
2026-06-16T22:40:00.000000000,ramp_up,1.0252,0.205,0.1,TB04,heuristic_screening,False,SCREENING_ONLY
2026-07-02T00:00:00.000000000,ramp_down,-1.0502,0.21,0.1,TB04,heuristic_screening,False,SCREENING_ONLY
2026-07-22T15:00:00.000000000,ramp_down,-1.4322,0.2864,0.1,TB04,heuristic_screening,False,SCREENING_ONLY
2026-02-03T00:00:00.000000000,ramp_down,-1.2671,0.2534,0.1,TB05,heuristic_screening,False,SCREENING_ONLY
2026-03-01T00:00:00.000000000,ramp_up,1.502,0.3004,0.1,TB05,heuristic_screening,False,SCREENING_ONLY
2026-03-02T06:20:00.000000000,ramp_up,1.1115,0.2223,0.1,TB05,heuristic_screening,False,SCREENING_ONLY
2026-03-15T17:10:00.000000000,ramp_down,-1.717,0.3434,0.1,TB05,heuristic_screening,False,SCREENING_ONLY
2026-04-01T00:00:00.000000000,ramp_up,1.4461,0.2892,0.1,TB05,heuristic_screening,False,SCREENING_ONLY
2026-05-26T17:00:00.000000000,ramp_up,1.5926,0.3185,0.1,TB05,heuristic_screening,False,SCREENING_ONLY
2026-05-26T18:10:00.000000000,ramp_down,-1.4334,0.2867,0.1,TB05,heuristic_screening,False,SCREENING_ONLY
2026-05-26T18:30:00.000000000,ramp_up,1.0045,0.2009,0.1,TB05,heuristic_screening,False,SCREENING_ONLY
2026-05-26T18:40:00.000000000,ramp_down,-1.2425,0.2485,0.1,TB05,heuristic_screening,False,SCREENING_ONLY
2026-05-30T11:50:00.000000000,ramp_down,-1.1184,0.2237,0.1,TB05,heuristic_screening,False,SCREENING_ONLY
2026-06-03T12:10:00.000000000,ramp_down,-1.0117,0.2023,0.1,TB05,heuristic_screening,False,SCREENING_ONLY
2026-07-24T16:10:00.000000000,ramp_down,-1.0707,0.2141,0.1,TB05,heuristic_screening,False,SCREENING_ONLY
2026-02-02T23:50:00.000000000,ramp_down,-1.0536,0.2107,0.1,TB06,heuristic_screening,False,SCREENING_ONLY
2026-02-17T03:30:00.000000000,ramp_down,-1.1841,0.2368,0.1,TB06,heuristic_screening,False,SCREENING_ONLY
2026-02-20T03:40:00.000000000,ramp_down,-1.0847,0.2169,0.1,TB06,heuristic_screening,False,SCREENING_ONLY
2026-03-01T00:00:00.000000000,ramp_up,1.1985,0.2397,0.1,TB06,heuristic_screening,False,SCREENING_ONLY
2026-03-02T05:50:00.000000000,ramp_down,-1.0944,0.2189,0.1,TB06,heuristic_screening,False,SCREENING_ONLY
2026-03-02T06:10:00.000000000,ramp_up,1.1572,0.2314,0.1,TB06,heuristic_screening,False,SCREENING_ONLY
2026-03-13T01:40:00.000000000,ramp_up,1.4062,0.2812,0.1,TB06,heuristic_screening,False,SCREENING_ONLY
2026-03-15T19:30:00.000000000,ramp_up,1.0542,0.2108,0.1,TB06,heuristic_screening,False,SCREENING_ONLY
2026-04-01T00:00:00.000000000,ramp_up,1.5591,0.3118,0.1,TB06,heuristic_screening,False,SCREENING_ONLY
2026-05-26T16:40:00.000000000,ramp_down,-1.1358,0.2272,0.1,TB06,heuristic_screening,False,SCREENING_ONLY
2026-05-26T17:00:00.000000000,ramp_up,1.2825,0.2565,0.1,TB06,heuristic_screening,False,SCREENING_ONLY
2026-05-26T18:30:00.000000000,ramp_up,1.1849,0.237,0.1,TB06,heuristic_screening,False,SCREENING_ONLY
2026-05-29T01:20:00.000000000,ramp_up,1.3862,0.2772,0.1,TB06,heuristic_screening,False,SCREENING_ONLY
2026-06-01T12:00:00.000000000,ramp_up,1.1308,0.2262,0.1,TB06,heuristic_screening,False,SCREENING_ONLY
2026-06-02T00:00:00.000000000,ramp_down,-1.3007,0.2601,0.1,TB06,heuristic_screening,False,SCREENING_ONLY
2026-06-16T23:40:00.000000000,ramp_up,1.0014,0.2003,0.1,TB06,heuristic_screening,False,SCREENING_ONLY
2026-07-01T00:00:00.000000000,ramp_up,1.0817,0.2163,0.1,TB06,heuristic_screening,False,SCREENING_ONLY
2026-07-14T11:30:00.000000000,ramp_up,1.051,0.2102,0.1,TB06,heuristic_screening,False,SCREENING_ONLY
2026-07-22T15:00:00.000000000,ramp_down,-1.2777,0.2555,0.1,TB06,heuristic_screening,False,SCREENING_ONLY
2026-03-01T00:00:00.000000000,ramp_up,1.5437,0.3087,0.1,TB07,heuristic_screening,False,SCREENING_ONLY
2026-03-01T12:20:00.000000000,ramp_down,-1.0215,0.2043,0.1,TB07,heuristic_screening,False,SCREENING_ONLY
2026-03-02T06:20:00.000000000,ramp_up,1.117,0.2234,0.1,TB07,heuristic_screening,False,SCREENING_ONLY
2026-03-06T13:20:00.000000000,ramp_up,1.0861,0.2172,0.1,TB07,heuristic_screening,False,SCREENING_ONLY
2026-04-01T00:00:00.000000000,ramp_up,1.6835,0.3367,0.1,TB07,heuristic_screening,False,SCREENING_ONLY
2026-05-26T17:00:00.000000000,ramp_up,1.6778,0.3356,0.1,TB07,heuristic_screening,False,SCREENING_ONLY
2026-05-26T18:10:00.000000000,ramp_down,-1.5195,0.3039,0.1,TB07,heuristic_screening,False,SCREENING_ONLY
2026-05-26T18:30:00.000000000,ramp_up,1.3516,0.2703,0.1,TB07,heuristic_screening,False,SCREENING_ONLY
2026-05-26T18:40:00.000000000,ramp_down,-1.1869,0.2374,0.1,TB07,heuristic_screening,False,SCREENING_ONLY
2026-05-27T15:00:00.000000000,ramp_down,-1.0543,0.2109,0.1,TB07,heuristic_screening,False,SCREENING_ONLY
2026-05-29T01:20:00.000000000,ramp_up,1.2826,0.2565,0.1,TB07,heuristic_screening,False,SCREENING_ONLY
2026-05-30T11:50:00.000000000,ramp_down,-1.0268,0.2054,0.1,TB07,heuristic_screening,False,SCREENING_ONLY
2026-06-02T00:00:00.000000000,ramp_down,-1.5892,0.3178,0.1,TB07,heuristic_screening,False,SCREENING_ONLY
2026-06-03T12:10:00.000000000,ramp_down,-1.0524,0.2105,0.1,TB07,heuristic_screening,False,SCREENING_ONLY
2026-07-01T00:00:00.000000000,ramp_up,1.1284,0.2257,0.1,TB07,heuristic_screening,False,SCREENING_ONLY
2026-07-02T00:00:00.000000000,ramp_down,-1.6404,0.3281,0.1,TB07,heuristic_screening,False,SCREENING_ONLY
2026-07-22T15:10:00.000000000,ramp_down,-1.0393,0.2079,0.1,TB07,heuristic_screening,False,SCREENING_ONLY
2026-02-13T16:40:00.000000000,ramp_down,-1.3597,0.2719,0.1,TB08,heuristic_screening,False,SCREENING_ONLY
2026-02-25T21:50:00.000000000,ramp_down,-1.0684,0.2137,0.1,TB08,heuristic_screening,False,SCREENING_ONLY
2026-03-01T00:00:00.000000000,ramp_up,1.3513,0.2703,0.1,TB08,heuristic_screening,False,SCREENING_ONLY
2026-03-01T12:00:00.000000000,ramp_up,1.0364,0.2073,0.1,TB08,heuristic_screening,False,SCREENING_ONLY
2026-03-13T01:40:00.000000000,ramp_up,1.3038,0.2608,0.1,TB08,heuristic_screening,False,SCREENING_ONLY
2026-03-13T18:50:00.000000000,ramp_down,-1.1118,0.2224,0.1,TB08,heuristic_screening,False,SCREENING_ONLY
2026-03-15T21:20:00.000000000,ramp_down,-1.0039,0.2008,0.1,TB08,heuristic_screening,False,SCREENING_ONLY
2026-04-01T00:00:00.000000000,ramp_up,1.1708,0.2342,0.1,TB08,heuristic_screening,False,SCREENING_ONLY
2026-05-26T17:00:00.000000000,ramp_up,1.3552,0.271,0.1,TB08,heuristic_screening,False,SCREENING_ONLY
2026-05-26T18:30:00.000000000,ramp_up,1.3329,0.2666,0.1,TB08,heuristic_screening,False,SCREENING_ONLY
2026-05-26T18:40:00.000000000,ramp_down,-1.2185,0.2437,0.1,TB08,heuristic_screening,False,SCREENING_ONLY
2026-06-02T00:00:00.000000000,ramp_down,-1.6207,0.3241,0.1,TB08,heuristic_screening,False,SCREENING_ONLY
2026-06-05T00:00:00.000000000,ramp_up,1.0164,0.2033,0.1,TB08,heuristic_screening,False,SCREENING_ONLY
2026-06-25T15:40:00.000000000,ramp_down,-1.5416,0.3083,0.1,TB08,heuristic_screening,False,SCREENING_ONLY
2026-06-25T16:00:00.000000000,ramp_up,1.8877,0.3775,0.1,TB08,heuristic_screening,False,SCREENING_ONLY
2026-06-25T16:20:00.000000000,ramp_down,-1.2819,0.2564,0.1,TB08,heuristic_screening,False,SCREENING_ONLY
2026-06-25T17:10:00.000000000,ramp_up,1.3695,0.2739,0.1,TB08,heuristic_screening,False,SCREENING_ONLY
2026-06-26T15:50:00.000000000,ramp_down,-1.5842,0.3168,0.1,TB08,heuristic_screening,False,SCREENING_ONLY
2026-06-26T16:10:00.000000000,ramp_up,1.8297,0.3659,0.1,TB08,heuristic_screening,False,SCREENING_ONLY
2026-07-01T00:00:00.000000000,ramp_up,1.1412,0.2282,0.1,TB08,heuristic_screening,False,SCREENING_ONLY
2026-07-02T00:00:00.000000000,ramp_down,-1.2462,0.2492,0.1,TB08,heuristic_screening,False,SCREENING_ONLY
2026-07-22T15:00:00.000000000,ramp_down,-1.4194,0.2839,0.1,TB08,heuristic_screening,False,SCREENING_ONLY
2026-07-24T16:30:00.000000000,ramp_up,1.2079,0.2416,0.1,TB08,heuristic_screening,False,SCREENING_ONLY
2026-01-23T12:00:00.000000000,ramp_down,-1.0129,0.2026,0.1,TB09,heuristic_screening,False,SCREENING_ONLY
2026-02-05T12:50:00.000000000,ramp_down,-1.7004,0.3401,0.1,TB09,heuristic_screening,False,SCREENING_ONLY
2026-02-05T13:30:00.000000000,ramp_up,1.8947,0.3789,0.1,TB09,heuristic_screening,False,SCREENING_ONLY
2026-02-05T14:30:00.000000000,ramp_down,-1.7004,0.3401,0.1,TB09,heuristic_screening,False,SCREENING_ONLY
2026-02-05T15:50:00.000000000,ramp_up,1.8717,0.3743,0.1,TB09,heuristic_screening,False,SCREENING_ONLY
2026-02-05T17:10:00.000000000,ramp_down,-1.8876,0.3775,0.1,TB09,heuristic_screening,False,SCREENING_ONLY
2026-02-16T11:40:00.000000000,ramp_up,1.181,0.2362,0.1,TB09,heuristic_screening,False,SCREENING_ONLY
2026-02-18T16:00:00.000000000,ramp_up,1.2929,0.2586,0.1,TB09,heuristic_screening,False,SCREENING_ONLY
2026-03-01T00:00:00.000000000,ramp_up,1.1434,0.2287,0.1,TB09,heuristic_screening,False,SCREENING_ONLY
2026-03-05T15:40:00.000000000,ramp_down,-1.2435,0.2487,0.1,TB09,heuristic_screening,False,SCREENING_ONLY
2026-03-05T16:10:00.000000000,ramp_up,1.0826,0.2165,0.1,TB09,heuristic_screening,False,SCREENING_ONLY
2026-04-05T13:00:00.000000000,ramp_down,-1.6759,0.3352,0.1,TB09,heuristic_screening,False,SCREENING_ONLY
2026-04-05T20:20:00.000000000,ramp_up,1.6669,0.3334,0.1,TB09,heuristic_screening,False,SCREENING_ONLY
2026-04-25T11:30:00.000000000,ramp_up,1.4599,0.292,0.1,TB09,heuristic_screening,False,SCREENING_ONLY
2026-04-25T11:50:00.000000000,ramp_down,-1.3411,0.2682,0.1,TB09,heuristic_screening,False,SCREENING_ONLY
2026-04-25T15:20:00.000000000,ramp_up,1.2572,0.2514,0.1,TB09,heuristic_screening,False,SCREENING_ONLY
2026-05-05T11:10:00.000000000,ramp_up,1.0945,0.2189,0.1,TB09,heuristic_screening,False,SCREENING_ONLY
2026-05-05T14:50:00.000000000,ramp_down,-1.3644,0.2729,0.1,TB09,heuristic_screening,False,SCREENING_ONLY
2026-05-05T17:20:00.000000000,ramp_up,1.1556,0.2311,0.1,TB09,heuristic_screening,False,SCREENING_ONLY
2026-05-26T17:00:00.000000000,ramp_up,1.2415,0.2483,0.1,TB09,heuristic_screening,False,SCREENING_ONLY
2026-05-27T16:20:00.000000000,ramp_up,1.7316,0.3463,0.1,TB09,heuristic_screening,False,SCREENING_ONLY
2026-05-29T01:20:00.000000000,ramp_up,1.1957,0.2391,0.1,TB09,heuristic_screening,False,SCREENING_ONLY
2026-05-29T01:50:00.000000000,ramp_down,-1.0467,0.2093,0.1,TB09,heuristic_screening,False,SCREENING_ONLY
2026-06-01T13:00:00.000000000,ramp_up,1.096,0.2192,0.1,TB09,heuristic_screening,False,SCREENING_ONLY
2026-06-02T00:00:00.000000000,ramp_down,-1.4611,0.2922,0.1,TB09,heuristic_screening,False,SCREENING_ONLY
2026-06-05T00:00:00.000000000,ramp_up,1.3064,0.2613,0.1,TB09,heuristic_screening,False,SCREENING_ONLY
2026-07-01T00:00:00.000000000,ramp_up,1.0981,0.2196,0.1,TB09,heuristic_screening,False,SCREENING_ONLY
2026-07-02T00:00:00.000000000,ramp_down,-1.2328,0.2466,0.1,TB09,heuristic_screening,False,SCREENING_ONLY
2026-07-15T19:10:00.000000000,ramp_down,-1.0566,0.2113,0.1,TB09,heuristic_screening,False,SCREENING_ONLY
2026-07-22T15:00:00.000000000,ramp_down,-1.1591,0.2318,0.1,TB09,heuristic_screening,False,SCREENING_ONLY
2026-03-01T00:00:00.000000000,ramp_up,1.7853,0.3571,0.1,TB10,heuristic_screening,False,SCREENING_ONLY
2026-03-02T05:40:00.000000000,ramp_down,-1.2178,0.2436,0.1,TB10,heuristic_screening,False,SCREENING_ONLY
2026-03-02T06:20:00.000000000,ramp_up,1.2314,0.2463,0.1,TB10,heuristic_screening,False,SCREENING_ONLY
2026-04-06T22:10:00.000000000,ramp_up,1.1269,0.2254,0.1,TB10,heuristic_screening,False,SCREENING_ONLY
2026-05-26T17:00:00.000000000,ramp_up,1.5238,0.3048,0.1,TB10,heuristic_screening,False,SCREENING_ONLY
2026-05-26T18:10:00.000000000,ramp_down,-1.2824,0.2565,0.1,TB10,heuristic_screening,False,SCREENING_ONLY
2026-05-26T18:40:00.000000000,ramp_down,-1.1091,0.2218,0.1,TB10,heuristic_screening,False,SCREENING_ONLY
2026-05-30T11:50:00.000000000,ramp_down,-1.0842,0.2168,0.1,TB10,heuristic_screening,False,SCREENING_ONLY
2026-06-02T00:00:00.000000000,ramp_down,-1.5024,0.3005,0.1,TB10,heuristic_screening,False,SCREENING_ONLY
2026-06-24T20:30:00.000000000,ramp_down,-1.0409,0.2082,0.1,TB10,heuristic_screening,False,SCREENING_ONLY
2026-07-01T00:00:00.000000000,ramp_up,1.5179,0.3036,0.1,TB10,heuristic_screening,False,SCREENING_ONLY
2026-07-02T00:00:00.000000000,ramp_down,-1.4316,0.2863,0.1,TB10,heuristic_screening,False,SCREENING_ONLY
2026-07-13T11:00:00.000000000,ramp_up,1.1482,0.2296,0.1,TB10,heuristic_screening,False,SCREENING_ONLY
2026-07-22T15:00:00.000000000,ramp_down,-1.0297,0.2059,0.1,TB10,heuristic_screening,False,SCREENING_ONLY
2026-01-22T10:10:00.000000000,ramp_down,-1.0979,0.2196,0.1,TB11,heuristic_screening,False,SCREENING_ONLY
2026-03-01T00:00:00.000000000,ramp_up,1.6173,0.3235,0.1,TB11,heuristic_screening,False,SCREENING_ONLY
2026-03-02T06:10:00.000000000,ramp_up,1.0231,0.2046,0.1,TB11,heuristic_screening,False,SCREENING_ONLY
2026-03-06T13:20:00.000000000,ramp_up,1.1429,0.2286,0.1,TB11,heuristic_screening,False,SCREENING_ONLY
2026-03-13T01:40:00.000000000,ramp_up,1.2642,0.2528,0.1,TB11,heuristic_screening,False,SCREENING_ONLY
2026-04-01T00:00:00.000000000,ramp_up,1.0051,0.201,0.1,TB11,heuristic_screening,False,SCREENING_ONLY
2026-04-03T16:30:00.000000000,ramp_up,1.2786,0.2557,0.1,TB11,heuristic_screening,False,SCREENING_ONLY
2026-05-26T17:00:00.000000000,ramp_up,1.153,0.2306,0.1,TB11,heuristic_screening,False,SCREENING_ONLY
2026-05-26T18:00:00.000000000,ramp_down,-1.0585,0.2117,0.1,TB11,heuristic_screening,False,SCREENING_ONLY
2026-05-26T18:30:00.000000000,ramp_up,1.3704,0.2741,0.1,TB11,heuristic_screening,False,SCREENING_ONLY
2026-05-26T18:40:00.000000000,ramp_down,-1.0624,0.2125,0.1,TB11,heuristic_screening,False,SCREENING_ONLY
2026-05-29T01:20:00.000000000,ramp_up,1.2658,0.2532,0.1,TB11,heuristic_screening,False,SCREENING_ONLY
2026-06-02T00:00:00.000000000,ramp_down,-1.5188,0.3038,0.1,TB11,heuristic_screening,False,SCREENING_ONLY
2026-06-03T12:10:00.000000000,ramp_down,-1.0509,0.2102,0.1,TB11,heuristic_screening,False,SCREENING_ONLY
2026-07-01T00:00:00.000000000,ramp_up,1.3666,0.2733,0.1,TB11,heuristic_screening,False,SCREENING_ONLY
2026-07-02T00:00:00.000000000,ramp_down,-1.7379,0.3476,0.1,TB11,heuristic_screening,False,SCREENING_ONLY
2026-07-14T11:30:00.000000000,ramp_up,1.0696,0.2139,0.1,TB11,heuristic_screening,False,SCREENING_ONLY
2026-07-22T15:00:00.000000000,ramp_down,-1.1309,0.2262,0.1,TB11,heuristic_screening,False,SCREENING_ONLY
2026-01-23T00:00:00.000000000,ramp_up,1.0953,0.2191,0.1,TB12,heuristic_screening,False,SCREENING_ONLY
2026-01-26T02:30:00.000000000,ramp_down,-1.0217,0.2043,0.1,TB12,heuristic_screening,False,SCREENING_ONLY
2026-02-01T00:00:00.000000000,ramp_up,1.2423,0.2485,0.1,TB12,heuristic_screening,False,SCREENING_ONLY
2026-02-16T19:20:00.000000000,ramp_down,-1.2214,0.2443,0.1,TB12,heuristic_screening,False,SCREENING_ONLY
2026-04-01T00:00:00.000000000,ramp_up,1.6166,0.3233,0.1,TB12,heuristic_screening,False,SCREENING_ONLY
2026-04-05T12:30:00.000000000,ramp_up,1.1122,0.2224,0.1,TB12,heuristic_screening,False,SCREENING_ONLY
2026-05-26T18:30:00.000000000,ramp_up,1.5517,0.3103,0.1,TB12,heuristic_screening,False,SCREENING_ONLY
2026-05-26T18:40:00.000000000,ramp_down,-1.1597,0.2319,0.1,TB12,heuristic_screening,False,SCREENING_ONLY
2026-05-29T01:10:00.000000000,ramp_up,1.2137,0.2427,0.1,TB12,heuristic_screening,False,SCREENING_ONLY
2026-06-02T00:00:00.000000000,ramp_down,-1.2224,0.2445,0.1,TB12,heuristic_screening,False,SCREENING_ONLY
2026-06-03T12:10:00.000000000,ramp_down,-1.2435,0.2487,0.1,TB12,heuristic_screening,False,SCREENING_ONLY
2026-07-02T00:00:00.000000000,ramp_down,-1.3108,0.2622,0.1,TB12,heuristic_screening,False,SCREENING_ONLY
2026-07-22T14:20:00.000000000,ramp_up,1.6447,0.3289,0.1,TB12,heuristic_screening,False,SCREENING_ONLY
2026-07-22T15:00:00.000000000,ramp_down,-1.3734,0.2747,0.1,TB12,heuristic_screening,False,SCREENING_ONLY
