timestamp,TB05_wind_speed,TB05_power,farm_total_power,TB05_power_lag1,TB05_power_lag6,TB05_power_lag144,timestamp_target,target,lightgbm_prediction,ridge_prediction,actual
2021-01-02 00:00:00,6.9,667.8,11015.7,1942.1,1521.1,1470.7,2021-01-02 00:10:00,493.1,562.0036344261624,534.6378253439498,493.1
2021-01-02 00:10:00,6.3,493.1,9440.5,667.8,1769.5,1480.6,2021-01-02 00:20:00,650.8,433.4963377596757,420.3339499128448,650.8
2021-01-02 00:20:00,6.7,650.8,8190.4000000000015,493.1,1355.5,1611.6,2021-01-02 00:30:00,624.1,540.9441043104653,520.0913067027694,624.1
2021-01-02 00:30:00,6.7,624.1,9444.599999999999,650.8,1725.9,1678.2,2021-01-02 00:40:00,604.6,511.1989255148226,505.8007845094086,604.6
2021-01-02 00:40:00,6.8,604.6,9108.8,624.1,1641.7,1354.1,2021-01-02 00:50:00,1032.6,511.1989255148226,489.44163459399374,1032.6
2021-01-02 00:50:00,8.2,1032.6,11951.099999999999,604.6,1942.1,1212.0,2021-01-02 01:00:00,664.7,875.5588897712308,788.5505947622057,664.7
2021-01-02 01:00:00,6.8,664.7,12340.899999999998,1032.6,667.8,1189.0,2021-01-02 01:10:00,577.5,563.023948882469,552.3043250723782,577.5
2021-01-02 01:10:00,6.6,577.5,11883.7,664.7,493.1,1347.3,2021-01-02 01:20:00,530.9,486.4322338470766,491.6761379635516,530.9
2021-01-02 01:20:00,6.5,530.9,10453.1,577.5,650.8,1479.0,2021-01-02 01:30:00,646.5,437.6221580262066,450.68173099427736,646.5
2021-01-02 01:30:00,6.9,646.5,9618.3,530.9,624.1,1231.0,2021-01-02 01:40:00,688.7,530.8230169098633,523.336800639198,688.7
2021-01-02 01:40:00,7.1,688.7,7568.6,646.5,604.6,1438.0,2021-01-02 01:50:00,591.6,568.2711544708507,534.799376961429,591.6
2021-01-02 01:50:00,6.7,591.6,5288.9,688.7,1032.6,1355.6,2021-01-02 02:00:00,339.3,503.35746454467056,459.6013827434806,339.3
2021-01-02 02:00:00,5.5,339.3,2852.6,591.6,664.7,1248.6,2021-01-02 02:10:00,139.2,291.9767132116896,290.96416387812553,139.2
2021-01-02 02:10:00,4.4,139.2,2156.0,339.3,577.5,1606.9,2021-01-02 02:20:00,87.4,153.48563623260475,166.20417482556286,87.4
2021-01-02 02:20:00,4.0,87.4,2401.3,139.2,530.9,1533.4,2021-01-02 02:30:00,177.9,125.5700204739984,141.7450370409365,177.9
2021-01-02 02:30:00,4.6,177.9,4333.4,87.4,646.5,1729.9,2021-01-02 02:40:00,428.9,197.49989628080584,203.53238762593742,428.9
2021-01-02 02:40:00,6.1,428.9,5047.3,177.9,688.7,1865.6,2021-01-02 02:50:00,366.1,391.24486097849046,353.144260632061,366.1
2021-01-02 02:50:00,5.7,366.1,3554.5,428.9,591.6,1778.7,2021-01-02 03:00:00,290.8,315.4222242774214,306.9886434756903,290.8
2021-01-02 03:00:00,5.4,290.8,2181.9,366.1,339.3,1842.3,2021-01-02 03:10:00,548.7,265.5586968201653,250.90687185202785,548.7
2021-01-02 03:10:00,6.7,548.7,2885.9,290.8,139.2,1564.2,2021-01-02 03:20:00,371.7,462.4386537580024,415.39032757269877,371.7
2021-01-02 03:20:00,5.7,371.7,1798.3000000000004,548.7,87.4,1703.9,2021-01-02 03:30:00,296.3,302.5001147613672,300.7419524294687,296.3
2021-01-02 03:30:00,5.6,296.3,1560.6999999999998,371.7,177.9,1962.7,2021-01-02 03:40:00,306.6,265.28082621674577,245.20138166281822,306.6
2021-01-02 03:40:00,5.6,306.6,1368.3000000000002,296.3,428.9,1983.4,2021-01-02 03:50:00,354.4,269.2678493348584,251.91698499679705,354.4
2021-01-02 03:50:00,6.0,354.4,1372.0999999999997,306.6,366.1,1937.7,2021-01-02 04:00:00,474.2,307.8691590999541,277.2762454668364,474.2
2021-01-02 04:00:00,6.6,474.2,2080.2999999999997,354.4,290.8,1883.5,2021-01-02 04:10:00,505.0,412.71802291153745,354.8597380588659,505.0
2021-01-02 04:10:00,6.5,505.0,2273.1000000000004,474.2,548.7,1925.1,2021-01-02 04:20:00,475.9,428.1621312369694,380.11663941917584,475.9
2021-01-02 04:20:00,6.6,475.9,2668.1,505.0,371.7,1688.0,2021-01-02 04:30:00,803.9,413.2823663318036,359.9606537191813,803.9
2021-01-02 04:30:00,7.6,803.9,4267.0,475.9,296.3,1040.2,2021-01-02 04:40:00,913.1,715.9491860233629,592.101215683341,913.1
2021-01-02 04:40:00,7.7,913.1,6964.8,803.9,306.6,1240.4,2021-01-02 04:50:00,935.6,725.217640175752,682.6995705985405,935.6
2021-01-02 04:50:00,7.7,935.6,9009.8,913.1,354.4,1114.9,2021-01-02 05:00:00,1080.4,738.8524532699377,711.7205215716101,1080.4
2021-01-02 05:00:00,8.4,1080.4,9920.099999999999,935.6,474.2,1017.7,2021-01-02 05:10:00,571.8,836.930978060467,806.8279246118077,571.8
2021-01-02 05:10:00,6.7,571.8,7030.5,1080.4,505.0,1116.5,2021-01-02 05:20:00,773.8,486.94373678727436,454.61608502694844,773.8
2021-01-02 05:20:00,7.6,773.8,4228.799999999999,571.8,475.9,1647.7,2021-01-02 05:30:00,755.3,643.2899678056906,564.0271560293505,755.3
2021-01-02 05:30:00,7.5,755.3,3216.2000000000003,773.8,803.9,1298.4,2021-01-02 05:40:00,577.0,605.6256781516383,547.835282453961,577.0
2021-01-02 05:40:00,6.8,577.0,2495.3999999999996,755.3,913.1,1689.3,2021-01-02 05:50:00,486.8,455.54394977753145,426.5315336875425,486.8
2021-01-02 05:50:00,6.6,486.8,2727.7999999999997,577.0,935.6,1791.1,2021-01-02 06:00:00,485.9,413.86412986858574,366.68401462747397,485.9
2021-01-02 06:00:00,6.4,485.9,3052.7,486.8,1080.4,1695.0,2021-01-02 06:10:00,206.5,423.2196940225936,374.4864430299151,206.5
2021-01-02 06:10:00,4.8,206.5,2579.7,485.9,571.8,1491.0,2021-01-02 06:20:00,341.4,199.00754979540045,208.0434484163976,341.4
2021-01-02 06:20:00,5.8,341.4,3242.4,206.5,773.8,1654.6,2021-01-02 06:30:00,547.4,320.4758068887531,286.61848012259986,547.4
2021-01-02 06:30:00,6.9,547.4,4466.8,341.4,755.3,1750.3,2021-01-02 06:40:00,708.4,481.50414210262596,416.36017876906,708.4
2021-01-02 06:40:00,7.3,708.4,4513.2,547.4,577.0,1941.4,2021-01-02 06:50:00,505.9,588.4071960881297,522.8683008193042,505.9
2021-01-02 06:50:00,6.5,505.9,4950.2,708.4,486.8,1868.2,2021-01-02 07:00:00,477.3,428.52967415611505,395.49926319427084,477.3
2021-01-02 07:00:00,6.3,477.3,4933.6,505.9,485.9,1949.6,2021-01-02 07:10:00,410.8,421.28578587184296,380.26420976109284,410.8
2021-01-02 07:10:00,5.7,410.8,5234.8,477.3,206.5,1992.7,2021-01-02 07:20:00,464.4,364.21753311052345,348.47741002184057,464.4
2021-01-02 07:20:00,6.1,464.4,5349.3,410.8,341.4,1980.1,2021-01-02 07:30:00,295.9,491.8934291790903,378.97023089091215,295.9
2021-01-02 07:30:00,5.3,295.9,4079.6,464.4,547.4,1950.7,2021-01-02 07:40:00,436.7,277.7547106908936,266.91867918068635,436.7
2021-01-02 07:40:00,6.0,436.7,4788.400000000001,295.9,708.4,1985.3,2021-01-02 07:50:00,1039.7,384.9718633343,358.2157985218847,1039.7
2021-01-02 07:50:00,8.2,1039.7,7527.1,436.7,505.9,1930.9,2021-01-02 08:00:00,759.9,841.5618485560519,764.2181050334492,759.9
2021-01-02 08:00:00,7.1,759.9,8767.3,1039.7,477.3,1925.6,2021-01-02 08:10:00,1180.0,634.1173197811199,588.2823792379926,1180.0
2021-01-02 08:10:00,8.5,1180.0,9158.6,759.9,410.8,1966.4,2021-01-02 08:20:00,1361.3,923.7548099259243,867.692606791783,1361.3
2021-01-02 08:20:00,8.8,1361.3,10741.5,1180.0,464.4,1944.0,2021-01-02 08:30:00,1300.3,999.9001322520869,1000.9503415562556,1300.3
2021-01-02 08:30:00,8.8,1300.3,9179.9,1361.3,295.9,1935.9,2021-01-02 08:40:00,979.8,984.3860203887792,945.1993083535526,979.8
2021-01-02 08:40:00,8.0,979.8,7318.2,1300.3,436.7,1925.8,2021-01-02 08:50:00,900.7,800.77276651255,717.4826867595516,900.7
2021-01-02 08:50:00,7.7,900.7,8426.7,979.8,1039.7,1918.3,2021-01-02 09:00:00,746.1,724.3585758553459,675.1810524024751,746.1
2021-01-02 09:00:00,7.2,746.1,7087.400000000001,900.7,759.9,1912.4,2021-01-02 09:10:00,974.9,602.3939718367665,566.3212695940364,974.9
2021-01-02 09:10:00,7.9,974.9,7110.900000000001,746.1,1180.0,1910.8,2021-01-02 09:20:00,847.9,773.3780286364458,718.8735821142344,847.9
2021-01-02 09:20:00,7.7,847.9,7312.5,974.9,1361.3,1901.2,2021-01-02 09:30:00,642.8,713.6172873582531,629.2665165752621,642.8
2021-01-02 09:30:00,7.1,642.8,3978.6,847.9,1300.3,1894.8,2021-01-02 09:40:00,175.2,514.4427472503252,473.837012923594,175.2
2021-01-02 09:40:00,4.8,175.2,795.9999999999999,642.8,979.8,1895.0,2021-01-02 09:50:00,96.0,172.91686367922188,169.62582963381067,96.0
2021-01-02 09:50:00,4.0,96.0,553.5999999999999,175.2,900.7,1713.8,2021-01-02 10:00:00,116.7,114.92460540343608,135.20651687263785,116.7
2021-01-02 10:00:00,4.3,116.7,481.9000000000001,96.0,746.1,1758.1,2021-01-02 10:10:00,186.2,125.27133291021964,142.64397749830687,186.2
2021-01-02 10:10:00,4.8,186.2,991.1,116.7,974.9,1849.3,2021-01-02 10:20:00,488.3,181.5059674139474,183.17200583414888,488.3
2021-01-02 10:20:00,6.4,488.3,2799.7000000000003,186.2,847.9,1926.0,2021-01-02 10:30:00,437.7,416.5826103484039,375.36322992928774,437.7
2021-01-02 10:30:00,6.1,437.7,4091.2999999999997,488.3,642.8,1837.5,2021-01-02 10:40:00,333.9,385.1959123024149,351.9537500454969,333.9
2021-01-02 10:40:00,5.5,333.9,2975.2,437.7,175.2,1655.0,2021-01-02 10:50:00,187.5,289.2594972048017,286.0503301311833,187.5
2021-01-02 10:50:00,4.8,187.5,2754.0000000000005,333.9,96.0,1711.5,2021-01-02 11:00:00,161.2,189.723683766106,194.7402761399286,161.2
2021-01-02 11:00:00,4.7,161.2,3168.8999999999996,187.5,116.7,1786.5,2021-01-02 11:10:00,150.2,172.43066218640797,180.78595608089404,150.2
2021-01-02 11:10:00,4.3,150.2,4087.7999999999997,161.2,186.2,1559.6,2021-01-02 11:20:00,290.0,168.5879375708052,190.45662821895598,290.0
2021-01-02 11:20:00,5.2,290.0,5638.5,150.2,488.3,1048.1,2021-01-02 11:30:00,436.9,279.1358747548027,283.7185519380532,436.9
2021-01-02 11:30:00,6.1,436.9,8898.2,290.0,437.7,1622.7,2021-01-02 11:40:00,542.8,459.38352047746156,383.253165541356,542.8
2021-01-02 11:40:00,6.7,542.8,10898.8,436.9,333.9,1234.3,2021-01-02 11:50:00,711.1,449.4725625225236,460.0721539784239,711.1
2021-01-02 11:50:00,7.1,711.1,13645.1,542.8,187.5,1934.3,2021-01-02 12:00:00,936.7,600.5989072320967,584.8967215401804,936.7
2021-01-02 12:00:00,7.7,936.7,15248.999999999998,711.1,161.2,1530.0,2021-01-02 12:10:00,1253.9,760.6363719713493,748.1520010451467,1253.9
2021-01-02 12:10:00,8.6,1253.9,18095.0,936.7,150.2,1786.9,2021-01-02 12:20:00,1415.6,973.5223641621152,973.4678822469228,1415.6
2021-01-02 12:20:00,9.4,1415.6,17046.300000000003,1253.9,290.0,1616.8,2021-01-02 12:30:00,1428.7,1054.4904204364536,1065.2145410073342,1428.7
2021-01-02 12:30:00,9.7,1428.7,17261.2,1415.6,436.9,1799.9,2021-01-02 12:40:00,1439.7,1073.1558435434602,1065.6653288137807,1439.7
2021-01-02 12:40:00,9.7,1439.7,17414.2,1428.7,542.8,1518.7,2021-01-02 12:50:00,1450.7,1073.1558435434602,1076.7301534128746,1450.7
2021-01-02 12:50:00,10.6,1450.7,17373.0,1439.7,711.1,1576.7,2021-01-02 13:00:00,1454.0,1068.1210042189427,1060.4243143919866,1454.0
2021-01-02 13:00:00,10.4,1454.0,17462.5,1450.7,936.7,1662.1,2021-01-02 13:10:00,1576.8,1073.3652285062174,1067.7497395726418,1576.8
2021-01-02 13:10:00,10.3,1576.8,17569.6,1454.0,1253.9,1040.5,2021-01-02 13:20:00,1597.8,1112.7617286545856,1166.7161217216305,1597.8
2021-01-02 13:20:00,9.9,1597.8,17554.0,1576.8,1415.6,1254.5,2021-01-02 13:30:00,1604.5,1133.672108264039,1190.0392781620405,1604.5
2021-01-02 13:30:00,10.5,1604.5,17551.2,1597.8,1428.7,1747.5,2021-01-02 13:40:00,1655.0,1133.672108264039,1175.3315503781532,1655.0
2021-01-02 13:40:00,9.9,1655.0,17752.6,1604.5,1439.7,1282.1,2021-01-02 13:50:00,1512.5,1191.4865601709312,1233.267883330684,1512.5
2021-01-02 13:50:00,9.2,1512.5,17668.100000000002,1655.0,1450.7,1087.6,2021-01-02 14:00:00,1578.8,1069.6430411119627,1146.396447323924,1578.8
2021-01-02 14:00:00,9.9,1578.8,18008.100000000002,1512.5,1454.0,767.6,2021-01-02 14:10:00,1696.2,1136.3886972565576,1182.8144535141796,1696.2
2021-01-02 14:10:00,10.1,1696.2,19399.300000000003,1578.8,1576.8,1645.1,2021-01-02 14:20:00,1476.1,1226.127842369465,1265.7401964688574,1476.1
2021-01-02 14:20:00,9.1,1476.1,17893.2,1696.2,1597.8,1641.4,2021-01-02 14:30:00,1417.2,1080.5164687003817,1118.6698413612662,1417.2
2021-01-02 14:30:00,9.1,1417.2,17820.1,1476.1,1604.5,1757.7,2021-01-02 14:40:00,1804.6,1062.317589688009,1075.2123991490223,1804.6
2021-01-02 14:40:00,10.4,1804.6,19686.600000000002,1417.2,1655.0,1550.4,2021-01-02 14:50:00,1437.4,1237.178870527819,1341.946892935885,1437.4
2021-01-02 14:50:00,9.1,1437.4,17472.800000000003,1804.6,1512.5,1618.9,2021-01-02 15:00:00,1563.1,1083.6073277542246,1086.8643745613672,1563.1
2021-01-02 15:00:00,9.5,1563.1,17325.2,1437.4,1578.8,1825.0,2021-01-02 15:10:00,1706.4,1123.5921178336864,1169.9167135165853,1706.4
2021-01-02 15:10:00,9.8,1706.4,17119.0,1563.1,1696.2,1370.4,2021-01-02 15:20:00,1769.8,1214.1944311010523,1269.7242486758996,1769.8
2021-01-02 15:20:00,9.8,1769.8,17007.9,1706.4,1476.1,1225.3,2021-01-02 15:30:00,1279.0,1233.4463754663295,1316.3646764287773,1279.0
2021-01-02 15:30:00,8.4,1279.0,15754.700000000003,1769.8,1417.2,1816.3,2021-01-02 15:40:00,1468.9,978.7387490042236,976.147972623064,1468.9
2021-01-02 15:40:00,9.3,1468.9,16180.800000000001,1279.0,1804.6,1689.9,2021-01-02 15:50:00,1726.8,1074.2979227371295,1100.4192045909263,1726.8
2021-01-02 15:50:00,10.0,1726.8,15895.4,1468.9,1437.4,1435.6,2021-01-02 16:00:00,1779.3,1230.5606182589013,1272.7205169440895,1779.3
2021-01-02 16:00:00,10.0,1779.3,16490.4,1726.8,1563.1,1523.5,2021-01-02 16:10:00,1893.6,1233.4463754663295,1312.5954854913134,1893.6
2021-01-02 16:10:00,10.5,1893.6,16111.4,1779.3,1706.4,1550.8,2021-01-02 16:20:00,1773.8,1332.0421229992676,1381.4189252490305,1773.8
2021-01-02 16:20:00,10.2,1773.8,17212.9,1893.6,1769.8,1882.8,2021-01-02 16:30:00,1928.6,1233.4463754663295,1303.4461135081924,1928.6
2021-01-02 16:30:00,10.7,1928.6,18563.9,1773.8,1279.0,1688.3,2021-01-02 16:40:00,1997.6,1341.4254544645164,1416.0780758352357,1997.6
2021-01-02 16:40:00,11.6,1997.6,19767.0,1928.6,1468.9,1860.4,2021-01-02 16:50:00,2000.4,1467.2136818457136,1448.3120955029744,2000.4
2021-01-02 16:50:00,11.8,2000.4,21202.499999999996,1997.6,1726.8,1498.5,2021-01-02 17:00:00,2000.1,1475.5875396318454,1455.7878878296656,2000.1
2021-01-02 17:00:00,11.8,2000.1,21607.399999999998,2000.4,1779.3,1555.7,2021-01-02 17:10:00,2001.0,1462.963714785766,1457.4804545465886,2001.0
2021-01-02 17:10:00,11.6,2001.0,21878.5,2000.1,1893.6,555.8,2021-01-02 17:20:00,1860.6,1462.963714785766,1472.5943452077065,1860.6
2021-01-02 17:20:00,10.2,1860.6,19673.199999999997,2001.0,1773.8,572.1,2021-01-02 17:30:00,1847.6,1246.3232374294423,1391.8283684890162,1847.6
2021-01-02 17:30:00,10.1,1847.6,18911.3,1860.6,1928.6,1272.4,2021-01-02 17:40:00,1658.8,1302.2274684979498,1375.80116950625,1658.8
2021-01-02 17:40:00,9.6,1658.8,16574.600000000002,1847.6,1997.6,1524.6,2021-01-02 17:50:00,1381.4,1189.7906239568176,1232.8837339902948,1381.4
2021-01-02 17:50:00,8.9,1381.4,14681.400000000001,1658.8,2000.4,952.3,2021-01-02 18:00:00,1258.6,1041.9299467187773,1039.7161982356909,1258.6
2021-01-02 18:00:00,8.6,1258.6,14502.3,1381.4,2000.1,1608.8,2021-01-02 18:10:00,1059.3,981.5851299295053,952.3162858890212,1059.3
2021-01-02 18:10:00,8.2,1059.3,12749.999999999998,1258.6,2001.0,1281.8,2021-01-02 18:20:00,870.9,879.9512341712227,807.7613813684395,870.9
2021-01-02 18:20:00,7.6,870.9,12125.900000000001,1059.3,1860.6,1243.8,2021-01-02 18:30:00,870.1,756.92082974885,681.7105026145268,870.1
2021-01-02 18:30:00,7.6,870.1,10282.6,870.9,1847.6,1497.6,2021-01-02 18:40:00,758.0,712.8594579811021,669.5780369822221,758.0
2021-01-02 18:40:00,7.3,758.0,7965.699999999999,870.1,1658.8,1861.8,2021-01-02 18:50:00,584.9,617.825469860507,577.7345238550606,584.9
2021-01-02 18:50:00,6.9,584.9,6147.700000000001,758.0,1381.4,1625.0,2021-01-02 19:00:00,560.6,483.6820361519999,451.6754236312795,560.6
2021-01-02 19:00:00,6.7,560.6,5667.900000000001,584.9,1258.6,1792.9,2021-01-02 19:10:00,549.2,476.66490955656406,436.0824367689635,549.2
2021-01-02 19:10:00,6.5,549.2,5015.700000000001,560.6,1059.3,1954.9,2021-01-02 19:20:00,531.5,467.94720509202983,428.05053342516067,531.5
2021-01-02 19:20:00,6.7,531.5,5264.900000000001,549.2,870.9,1981.9,2021-01-02 19:30:00,572.6,464.9737022607017,411.16343526961987,572.6
2021-01-02 19:30:00,6.8,572.6,5073.5,531.5,870.1,1958.1,2021-01-02 19:40:00,867.8,496.53525097354446,438.23732427984226,867.8
2021-01-02 19:40:00,7.9,867.8,6263.9,572.6,758.0,1855.9,2021-01-02 19:50:00,995.1,731.036115541785,636.2918895618861,995.1
2021-01-02 19:50:00,8.6,995.1,7993.299999999998,867.8,584.9,1976.6,2021-01-02 20:00:00,1352.9,787.1396202061935,719.8232133062903,1352.9
2021-01-02 20:00:00,9.7,1352.9,9409.5,995.1,560.6,1956.4,2021-01-02 20:10:00,1689.7,996.6292230303322,964.385935771252,1689.7
2021-01-02 20:10:00,10.5,1689.7,12707.5,1352.9,549.2,1975.6,2021-01-02 20:20:00,1655.6,1199.2006297508926,1210.4241029964885,1655.6
2021-01-02 20:20:00,9.9,1655.6,12411.0,1689.7,531.5,1880.1,2021-01-02 20:30:00,1555.0,1171.9504416813763,1197.3291575796763,1555.0
2021-01-02 20:30:00,9.6,1555.0,11208.799999999997,1655.6,572.6,1763.8,2021-01-02 20:40:00,1560.0,1082.5489091024956,1124.43183228692,1560.0
2021-01-02 20:40:00,9.7,1560.0,11336.8,1555.0,867.8,1384.0,2021-01-02 20:50:00,1371.4,1101.1376973974793,1129.7256905915972,1371.4
2021-01-02 20:50:00,9.1,1371.4,11441.300000000001,1560.0,995.1,1749.2,2021-01-02 21:00:00,1006.0,1027.3900084599366,1003.0820141577469,1006.0
2021-01-02 21:00:00,8.1,1006.0,8480.5,1371.4,1352.9,1565.8,2021-01-02 21:10:00,1046.5,827.1013471610718,742.8221527264296,1046.5
2021-01-02 21:10:00,8.4,1046.5,9291.2,1006.0,1689.7,1881.0,2021-01-02 21:20:00,1393.2,846.4571299308571,769.8882502976488,1393.2
2021-01-02 21:20:00,9.3,1393.2,12743.600000000002,1046.5,1655.6,1930.8,2021-01-02 21:30:00,1162.2,1055.6687473605857,1023.6882983702093,1162.2
2021-01-02 21:30:00,8.7,1162.2,12768.8,1393.2,1555.0,1655.6,2021-01-02 21:40:00,1094.6,963.405167872007,867.6548447944308,1094.6
2021-01-02 21:40:00,8.5,1094.6,10711.6,1162.2,1560.0,1530.4,2021-01-02 21:50:00,1117.9,870.9057764965665,813.0883793193809,1117.9
2021-01-02 21:50:00,8.5,1117.9,12169.5,1094.6,1371.4,1870.8,2021-01-02 22:00:00,1272.8,917.6063139381316,837.0995783363966,1272.8
2021-01-02 22:00:00,8.8,1272.8,12496.4,1117.9,1006.0,1928.5,2021-01-02 22:10:00,1258.0,963.43019101286,945.8686238537525,1258.0
2021-01-02 22:10:00,8.9,1258.0,11988.899999999998,1272.8,1046.5,1864.3,2021-01-02 22:20:00,1493.6,955.6992154939898,928.5601892144238,1493.6
2021-01-02 22:20:00,9.3,1493.6,12492.199999999999,1258.0,1393.2,1867.1,2021-01-02 22:30:00,1297.9,1065.5250906159856,1095.8752151491533,1297.9
2021-01-02 22:30:00,9.1,1297.9,11832.8,1493.6,1162.2,1955.1,2021-01-02 22:40:00,1229.2,994.4496845750201,949.6195390675725,1229.2
2021-01-02 22:40:00,8.6,1229.2,10344.300000000001,1297.9,1094.6,1616.8,2021-01-02 22:50:00,1642.9,938.5618226632893,906.9135616264249,1642.9
2021-01-02 22:50:00,9.6,1642.9,11868.400000000001,1229.2,1117.9,1625.1,2021-01-02 23:00:00,1648.3,1162.460213620898,1197.4369736100264,1648.3
2021-01-02 23:00:00,9.8,1648.3,11757.100000000002,1642.9,1272.8,1521.1,2021-01-02 23:10:00,1704.4,1175.2506856979765,1193.1933802576075,1704.4
2021-01-02 23:10:00,9.8,1704.4,11773.4,1648.3,1258.0,1769.5,2021-01-02 23:20:00,1697.7,1197.9585566280975,1233.0168806989586,1697.7
2021-01-02 23:20:00,10.0,1697.7,13349.800000000001,1704.4,1493.6,1355.5,2021-01-02 23:30:00,1772.7,1209.652113961657,1234.787826559516,1772.7
2021-01-02 23:30:00,10.0,1772.7,15895.500000000002,1697.7,1297.9,1725.9,2021-01-02 23:40:00,1873.5,1221.75281813277,1303.002118182499,1873.5
2021-01-02 23:40:00,10.4,1873.5,15792.5,1772.7,1229.2,1641.7,2021-01-02 23:50:00,1567.4,1302.766264815442,1366.9084579650703,1567.4
2021-01-02 23:50:00,9.4,1567.4,14151.6,1873.5,1642.9,1942.1,2021-01-03 00:00:00,304.6,1108.2889375916436,1152.6750964885107,304.6
2021-01-03 00:00:00,5.1,304.6,4418.4,1567.4,1648.3,667.8,2021-01-03 00:10:00,363.2,301.2547730775199,281.5895040394423,363.2
2021-01-03 00:10:00,5.7,363.2,4807.6,304.6,1704.4,493.1,2021-01-03 00:20:00,631.2,336.4649743036566,322.2712712339427,631.2
2021-01-03 00:20:00,7.0,631.2,6107.299999999999,363.2,1697.7,650.8,2021-01-03 00:30:00,495.0,529.0104929120722,493.33924738348685,495.0
2021-01-03 00:30:00,6.3,495.0,7024.0,631.2,1772.7,624.1,2021-01-03 00:40:00,384.6,439.44593996506836,414.1824548090909,384.6
2021-01-03 00:40:00,5.8,384.6,6923.8,495.0,1873.5,604.6,2021-01-03 00:50:00,285.1,421.3746404501009,345.77780625765945,285.1
2021-01-03 00:50:00,5.1,285.1,6419.999999999999,384.6,1567.4,1032.6,2021-01-03 01:00:00,257.7,283.0690596682989,284.9752562654435,257.7
2021-01-03 01:00:00,4.9,257.7,5010.4,285.1,304.6,664.7,2021-01-03 01:10:00,359.2,253.1077713885144,265.9339482115249,359.2
2021-01-03 01:10:00,5.6,359.2,4303.2,257.7,363.2,577.5,2021-01-03 01:20:00,622.1,317.6194673258633,319.5817864087354,622.1
2021-01-03 01:20:00,7.1,622.1,5173.9,359.2,631.2,530.9,2021-01-03 01:30:00,372.1,530.1752896109202,480.1195604681375,372.1
2021-01-03 01:30:00,5.9,372.1,4542.500000000001,622.1,495.0,646.5,2021-01-03 01:40:00,353.7,327.37841556993936,319.4281017045979,353.7
2021-01-03 01:40:00,5.6,353.7,3077.2999999999997,372.1,384.6,688.7,2021-01-03 01:50:00,247.2,310.6281200252534,306.48477114924253,247.2
2021-01-03 01:50:00,5.2,247.2,1996.5,353.7,285.1,591.6,2021-01-03 02:00:00,333.8,242.09404551236193,232.38872639721842,333.8
2021-01-03 02:00:00,5.6,333.8,2493.0000000000005,247.2,257.7,339.3,2021-01-03 02:10:00,386.8,283.0706385725182,291.91365108925754,386.8
2021-01-03 02:10:00,5.9,386.8,3007.6000000000004,333.8,359.2,139.2,2021-01-03 02:20:00,411.8,331.6885289739412,327.30405970290053,411.8
2021-01-03 02:20:00,5.9,411.8,3675.3,386.8,622.1,87.4,2021-01-03 02:30:00,390.5,362.53729202213685,349.6663775156426,390.5
2021-01-03 02:30:00,6.0,390.5,3488.1,411.8,372.1,177.9,2021-01-03 02:40:00,391.4,336.99854360868716,329.4160427483612,391.4
2021-01-03 02:40:00,6.0,391.4,3272.2,390.5,353.7,428.9,2021-01-03 02:50:00,347.0,336.0561449841528,327.0421416569344,347.0
2021-01-03 02:50:00,5.7,347.0,3866.0,391.4,247.2,366.1,2021-01-03 03:00:00,310.2,314.85788085715524,306.02091416107464,310.2
2021-01-03 03:00:00,5.5,310.2,3536.3,347.0,333.8,290.8,2021-01-03 03:10:00,377.4,284.8449660652053,282.80934779207075,377.4
2021-01-03 03:10:00,5.7,377.4,3261.2,310.2,386.8,548.7,2021-01-03 03:20:00,193.2,319.00088816457315,324.0869503812851,193.2
2021-01-03 03:20:00,4.7,193.2,2554.6,377.4,411.8,371.7,2021-01-03 03:30:00,243.7,189.2063428805679,210.13527844828002,243.7
2021-01-03 03:30:00,5.2,243.7,2808.9,193.2,390.5,296.3,2021-01-03 03:40:00,260.0,232.543661424257,237.99718630520465,260.0
2021-01-03 03:40:00,5.4,260.0,2700.5,243.7,391.4,306.6,2021-01-03 03:50:00,222.8,246.14978049027735,243.76526049497352,222.8
2021-01-03 03:50:00,5.1,222.8,2071.7,260.0,347.0,354.4,2021-01-03 04:00:00,199.6,211.50821832468904,219.79959729025632,199.6
2021-01-03 04:00:00,5.1,199.6,2017.7,222.8,310.2,474.2,2021-01-03 04:10:00,214.3,199.23436636566797,201.6297518131172,214.3
2021-01-03 04:10:00,5.2,214.3,2030.3,199.6,377.4,505.0,2021-01-03 04:20:00,170.8,214.1229234233362,209.88649481111793,170.8
2021-01-03 04:20:00,4.9,170.8,1900.4,214.3,193.2,475.9,2021-01-03 04:30:00,125.6,187.07635658589666,184.91778326208737,125.6
2021-01-03 04:30:00,4.4,125.6,2137.7000000000003,170.8,243.7,803.9,2021-01-03 04:40:00,110.5,149.17339449972224,163.63316080654477,110.5
2021-01-03 04:40:00,4.2,110.5,2053.2,125.6,260.0,913.1,2021-01-03 04:50:00,111.0,142.75567449894862,156.63880944484663,111.0
2021-01-03 04:50:00,4.2,111.0,2055.5,110.5,222.8,935.6,2021-01-03 05:00:00,74.6,142.75567449894862,156.9889284040653,74.6
2021-01-03 05:00:00,3.9,74.6,2251.4,111.0,199.6,1080.4,2021-01-03 05:10:00,148.0,112.1724261171515,137.88794032823193,148.0
2021-01-03 05:10:00,4.7,148.0,2693.0,74.6,214.3,571.8,2021-01-03 05:20:00,242.9,161.0084552720811,178.2235986432654,242.9
2021-01-03 05:20:00,5.5,242.9,2729.0000000000005,148.0,170.8,773.8,2021-01-03 05:30:00,179.5,235.47070956164012,225.8940338253118,179.5
2021-01-03 05:30:00,4.8,179.5,1895.2000000000003,242.9,125.6,755.3,2021-01-03 05:40:00,127.2,183.81863145547217,191.66348511116257,127.2
2021-01-03 05:40:00,4.2,127.2,1328.7000000000003,179.5,110.5,577.0,2021-01-03 05:50:00,91.5,140.72753502619304,167.01424280484707,91.5
2021-01-03 05:50:00,4.0,91.5,1123.7,127.2,111.0,486.8,2021-01-03 06:00:00,86.6,121.32604222012768,145.59710125281276,86.6
2021-01-03 06:00:00,3.9,86.6,1279.4999999999998,91.5,74.6,485.9,2021-01-03 06:10:00,187.7,110.24852721829055,145.80203208712783,187.7
2021-01-03 06:10:00,4.9,187.7,1891.2000000000003,86.6,148.0,206.5,2021-01-03 06:20:00,271.6,191.89084358616637,200.44953092816922,271.6
2021-01-03 06:20:00,5.6,271.6,2245.2000000000003,187.7,242.9,341.4,2021-01-03 06:30:00,215.5,255.71882737068591,244.67761624953948,215.5
2021-01-03 06:30:00,5.0,215.5,1662.6000000000001,271.6,179.5,547.4,2021-01-03 06:40:00,194.4,206.16559110735898,213.11651006030718,194.4
2021-01-03 06:40:00,5.0,194.4,1467.1000000000001,215.5,127.2,708.4,2021-01-03 06:50:00,168.1,190.7885068921388,195.49687825043304,168.1
2021-01-03 06:50:00,4.7,168.1,1541.5000000000002,194.4,91.5,505.9,2021-01-03 07:00:00,185.7,169.2043588609303,186.00401495843744,185.7
2021-01-03 07:00:00,4.9,185.7,1515.8,168.1,86.6,477.3,2021-01-03 07:10:00,156.1,190.73780918784337,194.09645287291403,156.1
2021-01-03 07:10:00,4.6,156.1,1728.7,185.7,187.7,410.8,2021-01-03 07:20:00,160.8,161.01529471515434,181.55207973993447,160.8
2021-01-03 07:20:00,4.5,160.8,1707.4,156.1,271.6,464.4,2021-01-03 07:30:00,139.8,161.01529471515434,187.281066244645,139.8
2021-01-03 07:30:00,4.3,139.8,1557.3000000000002,160.8,215.5,295.9,2021-01-03 07:40:00,180.9,148.14300901527469,177.33076665977387,180.9
2021-01-03 07:40:00,4.6,180.9,1455.1,139.8,194.4,436.7,2021-01-03 07:50:00,166.9,174.1980636941189,198.47200901604413,166.9
2021-01-03 07:50:00,4.6,166.9,999.7,180.9,168.1,1039.7,2021-01-03 08:00:00,91.5,161.90033886896921,180.45366113414616,91.5
2021-01-03 08:00:00,3.9,91.5,819.0,166.9,185.7,759.9,2021-01-03 08:10:00,186.6,111.37830754271931,143.96144984284092,186.6
2021-01-03 08:10:00,4.8,186.6,1005.0,91.5,156.1,1180.0,2021-01-03 08:20:00,208.9,177.64137997708096,189.46287596378875,208.9
2021-01-03 08:20:00,4.9,208.9,936.6999999999999,186.6,160.8,1361.3,2021-01-03 08:30:00,148.2,192.1533118049105,200.90401313591508,148.2
2021-01-03 08:30:00,4.6,148.2,983.0999999999999,208.9,139.8,1300.3,2021-01-03 08:40:00,128.6,148.92615148305612,164.28375608869578,128.6
2021-01-03 08:40:00,4.4,128.6,1195.2,148.2,180.9,979.8,2021-01-03 08:50:00,165.4,140.72753502619304,159.10697356760443,165.4
2021-01-03 08:50:00,4.8,165.4,1697.2,128.6,166.9,900.7,2021-01-03 09:00:00,171.7,165.81525240171933,179.7063741784841,171.7
2021-01-03 09:00:00,4.6,171.7,2517.4,165.4,91.5,746.1,2021-01-03 09:10:00,259.4,180.1092390792713,195.48286838463548,259.4
2021-01-03 09:10:00,5.2,259.4,4515.9,171.7,186.6,974.9,2021-01-03 09:20:00,424.4,255.72247648716154,254.92722520854466,424.4
2021-01-03 09:20:00,6.1,424.4,6331.000000000001,259.4,208.9,847.9,2021-01-03 09:30:00,402.4,449.91937041883193,365.0070017010256,402.4
2021-01-03 09:30:00,6.1,402.4,5379.7,424.4,148.2,642.8,2021-01-03 09:40:00,434.6,455.6587018571722,343.40738954373194,434.6
2021-01-03 09:40:00,6.4,434.6,4619.1,402.4,128.6,175.2,2021-01-03 09:50:00,381.9,402.8746878933273,358.6894790091304,381.9
2021-01-03 09:50:00,5.9,381.9,4384.900000000001,434.6,165.4,96.0,2021-01-03 10:00:00,420.4,338.11553285428494,331.60375621706874,420.4
2021-01-03 10:00:00,6.1,420.4,4389.700000000001,381.9,171.7,116.7,2021-01-03 10:10:00,411.9,377.9993122142564,355.2060710740715,411.9
2021-01-03 10:10:00,6.1,411.9,5302.4,420.4,259.4,186.2,2021-01-03 10:20:00,435.3,468.7971888874881,353.45317021875303,435.3
2021-01-03 10:20:00,6.0,435.3,5585.8,411.9,424.4,488.3,2021-01-03 10:30:00,528.3,475.1065412894396,372.76495963358127,528.3
2021-01-03 10:30:00,6.5,528.3,7368.0,435.3,402.4,437.7,2021-01-03 10:40:00,686.7,438.57654439626,439.5789700058692,686.7
2021-01-03 10:40:00,7.2,686.7,8307.400000000001,528.3,434.6,333.9,2021-01-03 10:50:00,853.2,570.9896349506689,544.5559386755538,853.2
2021-01-03 10:50:00,7.6,853.2,7677.3,686.7,381.9,187.5,2021-01-03 11:00:00,667.6,684.8391700629263,653.9649326531567,667.6
2021-01-03 11:00:00,7.0,667.6,6593.3,853.2,420.4,161.2,2021-01-03 11:10:00,871.1,531.1748959863004,524.3495369378477,871.1
2021-01-03 11:10:00,7.7,871.1,8112.8,667.6,411.9,150.2,2021-01-03 11:20:00,721.3,711.1977153733076,667.6371269118692,721.3
2021-01-03 11:20:00,7.2,721.3,8832.3,871.1,435.3,290.0,2021-01-03 11:30:00,834.2,593.5736337010258,571.1987363292898,834.2
2021-01-03 11:30:00,7.5,834.2,8878.900000000001,721.3,528.3,436.9,2021-01-03 11:40:00,688.1,672.8826711608585,647.3623805609766,688.1
2021-01-03 11:40:00,6.9,688.1,8584.0,834.2,686.7,542.8,2021-01-03 11:50:00,657.6,558.3919456131068,551.0748093752042,657.6
2021-01-03 11:50:00,7.0,657.6,8565.800000000001,688.1,853.2,711.1,2021-01-03 12:00:00,671.3,535.5760353945735,525.3571361465736,671.3
2021-01-03 12:00:00,6.7,671.3,9094.1,657.6,667.6,936.7,2021-01-03 12:10:00,585.9,539.2718824404352,545.1669293563052,585.9
2021-01-03 12:10:00,6.4,585.9,10325.3,671.3,871.1,1253.9,2021-01-03 12:20:00,415.2,477.9030210627072,494.26344726213347,415.2
2021-01-03 12:20:00,5.8,415.2,10309.9,585.9,721.3,1415.6,2021-01-03 12:30:00,627.7,434.66961843545715,382.6229168411015,627.7
2021-01-03 12:30:00,6.8,627.7,11771.599999999999,415.2,834.2,1428.7,2021-01-03 12:40:00,669.1,526.0377725396892,524.0070669482544,669.1
2021-01-03 12:40:00,6.8,669.1,13522.9,627.7,688.1,1439.7,2021-01-03 12:50:00,749.8,551.1013392414048,563.6484473339983,749.8
2021-01-03 12:50:00,7.4,749.8,15103.199999999999,669.1,657.6,1450.7,2021-01-03 13:00:00,926.1,633.1681201673416,616.9065596805483,926.1
2021-01-03 13:00:00,7.7,926.1,15452.599999999999,749.8,671.3,1454.0,2021-01-03 13:10:00,1094.7,753.4513289149363,741.4236836446782,1094.7
2021-01-03 13:10:00,8.1,1094.7,16021.899999999998,926.1,585.9,1576.8,2021-01-03 13:20:00,1060.2,858.6526984053047,857.3661532357762,1060.2
2021-01-03 13:20:00,8.0,1060.2,17260.0,1094.7,415.2,1597.8,2021-01-03 13:30:00,1252.4,867.7414319473767,840.4684554843483,1252.4
2021-01-03 13:30:00,8.3,1252.4,17397.1,1060.2,627.7,1604.5,2021-01-03 13:40:00,1615.6,983.8386398425455,976.2037715350272,1615.6
2021-01-03 13:40:00,9.6,1615.6,19284.999999999996,1252.4,669.1,1655.0,2021-01-03 13:50:00,1564.0,1133.3755123676592,1221.2807816015122,1564.0
2021-01-03 13:50:00,9.7,1564.0,18930.100000000002,1615.6,749.8,1512.5,2021-01-03 14:00:00,1751.9,1109.2615152016187,1176.5963201962443,1751.9
2021-01-03 14:00:00,10.1,1751.9,18623.800000000003,1564.0,926.1,1578.8,2021-01-03 14:10:00,1647.4,1222.5812175462172,1303.5706171100992,1647.4
2021-01-03 14:10:00,9.8,1647.4,18005.600000000002,1751.9,1094.7,1696.2,2021-01-03 14:20:00,1350.8,1167.7507122826405,1227.7428876606496,1350.8
2021-01-03 14:20:00,9.0,1350.8,17468.0,1647.4,1060.2,1476.1,2021-01-03 14:30:00,1117.8,1014.0990100993173,1027.7213965758567,1117.8
2021-01-03 14:30:00,8.3,1117.8,16579.800000000003,1350.8,1252.4,1417.2,2021-01-03 14:40:00,1355.5,898.181781085702,870.230300456992,1355.5
2021-01-03 14:40:00,9.1,1355.5,16869.7,1117.8,1615.6,1804.6,2021-01-03 14:50:00,1412.3,1038.3969230784255,1025.9915296915638,1412.3
2021-01-03 14:50:00,8.9,1412.3,17221.3,1355.5,1564.0,1437.4,2021-01-03 15:00:00,1509.7,1059.6113045169252,1076.6172900036656,1509.7
2021-01-03 15:00:00,9.3,1509.7,17040.3,1412.3,1751.9,1563.1,2021-01-03 15:10:00,1301.4,1074.1853582513581,1135.8718995716313,1301.4
2021-01-03 15:10:00,8.6,1301.4,16283.699999999999,1509.7,1647.4,1706.4,2021-01-03 15:20:00,1413.1,1017.8167745837889,993.2796267937416,1413.1
2021-01-03 15:20:00,9.3,1413.1,16245.199999999997,1301.4,1350.8,1769.8,2021-01-03 15:30:00,1188.7,1059.6113045169252,1058.9157093680149,1188.7
2021-01-03 15:30:00,8.6,1188.7,15975.0,1413.1,1117.8,1279.0,2021-01-03 15:40:00,1045.9,953.2416853616579,912.1176708904032,1045.9
2021-01-03 15:40:00,8.2,1045.9,15674.199999999997,1188.7,1355.5,1468.9,2021-01-03 15:50:00,926.9,871.4497594974492,814.7787565991957,926.9
2021-01-03 15:50:00,7.6,926.9,15000.800000000003,1045.9,1412.3,1726.8,2021-01-03 16:00:00,928.3,774.2152088490583,737.1446717981225,928.3
2021-01-03 16:00:00,8.0,928.3,13457.3,926.9,1509.7,1779.3,2021-01-03 16:10:00,1125.6,792.212888509385,718.906599235483,1125.6
2021-01-03 16:10:00,8.3,1125.6,13564.3,928.3,1301.4,1893.6,2021-01-03 16:20:00,1038.0,922.8721781860698,857.4652506952016,1038.0
2021-01-03 16:20:00,8.1,1038.0,14438.9,1125.6,1413.1,1773.8,2021-01-03 16:30:00,1338.4,871.4497594974492,802.2542025959256,1338.4
2021-01-03 16:30:00,8.6,1338.4,16061.5,1038.0,1188.7,1928.6,2021-01-03 16:40:00,1354.6,1021.8299856181875,1021.5210944265921,1354.6
2021-01-03 16:40:00,8.9,1354.6,15626.599999999999,1338.4,1045.9,1997.6,2021-01-03 16:50:00,1342.2,1018.9723902259958,1020.4689360275906,1342.2
2021-01-03 16:50:00,8.8,1342.2,16244.300000000003,1354.6,926.9,2000.4,2021-01-03 17:00:00,1464.9,1014.0990100993173,1017.5069749487184,1464.9
2021-01-03 17:00:00,9.3,1464.9,16371.3,1342.2,928.3,2000.1,2021-01-03 17:10:00,1837.6,1073.3652285062174,1096.3739963867695,1837.6
2021-01-03 17:10:00,10.4,1837.6,19799.9,1464.9,1125.6,2001.0,2021-01-03 17:20:00,1779.7,1290.5339111643902,1363.7044562720148,1779.7
2021-01-03 17:20:00,10.0,1779.7,21141.0,1837.6,1038.0,1860.6,2021-01-03 17:30:00,1729.9,1221.75281813277,1337.5841166278537,1729.9
2021-01-03 17:30:00,9.9,1729.9,20466.8,1779.7,1338.4,1847.6,2021-01-03 17:40:00,1765.6,1234.2747748797767,1299.5122213710738,1765.6
2021-01-03 17:40:00,9.8,1765.6,19456.699999999997,1729.9,1354.6,1658.8,2021-01-03 17:50:00,1683.8,1234.2747748797767,1324.4270808136048,1683.8
2021-01-03 17:50:00,9.8,1683.8,21152.5,1765.6,1342.2,1381.4,2021-01-03 18:00:00,1627.9,1212.3786832276846,1275.6605391441312,1627.9
2021-01-03 18:00:00,9.6,1627.9,19985.6,1683.8,1464.9,1258.6,2021-01-03 18:10:00,1663.0,1141.0632023930566,1233.8892123418132,1663.0
2021-01-03 18:10:00,9.7,1663.0,19353.0,1627.9,1837.6,1059.3,2021-01-03 18:20:00,1748.9,1212.3786832276846,1255.2350609220998,1748.9
2021-01-03 18:20:00,10.1,1748.9,20289.199999999997,1663.0,1779.7,870.9,2021-01-03 18:30:00,1747.7,1234.2747748797767,1315.352887928962,1747.7
2021-01-03 18:30:00,10.0,1747.7,20151.7,1748.9,1729.9,870.1,2021-01-03 18:40:00,1747.3,1234.2747748797767,1315.6744073974382,1747.3
2021-01-03 18:40:00,9.9,1747.3,19848.600000000002,1747.7,1765.6,758.0,2021-01-03 18:50:00,1401.8,1234.2747748797767,1317.0344302561266,1401.8
2021-01-03 18:50:00,9.0,1401.8,17262.8,1747.3,1683.8,584.9,2021-01-03 19:00:00,1387.2,1059.6113045169252,1070.0245660710402,1387.2
2021-01-03 19:00:00,8.9,1387.2,18139.5,1401.8,1627.9,560.6,2021-01-03 19:10:00,1417.0,1050.7570984687056,1069.7887184022177,1417.0
2021-01-03 19:10:00,9.0,1417.0,17736.0,1387.2,1663.0,549.2,2021-01-03 19:20:00,975.7,1062.317589688009,1087.063408484563,975.7
2021-01-03 19:20:00,7.9,975.7,16442.2,1417.0,1748.9,531.5,2021-01-03 19:30:00,1489.1,806.47113769571,780.3148873505713,1489.1
2021-01-03 19:30:00,9.0,1489.1,15142.000000000002,975.7,1747.7,572.6,2021-01-03 19:40:00,1278.1,1067.8845614458264,1127.9285330064045,1278.1
2021-01-03 19:40:00,8.6,1278.1,12969.7,1489.1,1747.3,867.8,2021-01-03 19:50:00,1050.4,978.7387490042236,962.7417478462896,1050.4
2021-01-03 19:50:00,7.9,1050.4,9527.5,1278.1,1401.8,995.1,2021-01-03 20:00:00,574.1,845.332780985018,792.3004943766409,574.1
2021-01-03 20:00:00,6.4,574.1,7195.299999999999,1050.4,1387.2,1352.9,2021-01-03 20:10:00,470.3,501.93753813743405,462.93569250709027,470.3
2021-01-03 20:10:00,6.2,470.3,7562.600000000001,574.1,1417.0,1689.7,2021-01-03 20:20:00,566.6,425.66707045157534,394.1713219379569,566.6
2021-01-03 20:20:00,6.6,566.6,9261.0,470.3,975.7,1655.6,2021-01-03 20:30:00,614.2,482.1407470343014,466.6668306968303,614.2
2021-01-03 20:30:00,6.9,614.2,7914.200000000001,566.6,1489.1,1555.0,2021-01-03 20:40:00,747.2,515.4084407462883,485.82360809838906,747.2
2021-01-03 20:40:00,7.4,747.2,6504.4,614.2,1278.1,1560.0,2021-01-03 20:50:00,706.1,615.5734247111106,562.8550060502993,706.1
2021-01-03 20:50:00,7.1,706.1,5818.400000000001,747.2,1050.4,1371.4,2021-01-03 21:00:00,747.8,569.4516203667938,536.7418268015472,747.8
2021-01-03 21:00:00,7.4,747.8,5936.900000000001,706.1,574.1,1006.0,2021-01-03 21:10:00,664.5,601.7307731186745,564.003296049221,664.5
2021-01-03 21:10:00,7.0,664.5,5886.9,747.8,470.3,1046.5,2021-01-03 21:20:00,528.8,523.5733814693748,511.7845953361474,528.8
2021-01-03 21:20:00,6.5,528.8,4959.8,664.5,566.6,1393.2,2021-01-03 21:30:00,551.7,443.3337501069477,416.4705512432971,551.7
2021-01-03 21:30:00,6.8,551.7,4455.200000000001,528.8,614.2,1162.2,2021-01-03 21:40:00,558.0,473.30620622038697,425.3425666142323,558.0
2021-01-03 21:40:00,6.9,558.0,4695.200000000001,551.7,747.2,1094.6,2021-01-03 21:50:00,471.6,477.5157214518528,429.08526641577464,471.6
2021-01-03 21:50:00,6.2,471.6,5630.900000000001,558.0,706.1,1117.9,2021-01-03 22:00:00,388.5,425.38912310742194,388.64483378482157,388.5
2021-01-03 22:00:00,6.0,388.5,4661.500000000001,471.6,747.8,1272.8,2021-01-03 22:10:00,321.7,343.7106910028547,325.81325384737283,321.7
2021-01-03 22:10:00,5.7,321.7,3439.2000000000003,388.5,664.5,1258.0,2021-01-03 22:20:00,247.2,294.7869700126997,277.5675000880375,247.2
2021-01-03 22:20:00,5.0,247.2,3623.4999999999995,321.7,528.8,1493.6,2021-01-03 22:30:00,281.5,247.62316613270502,240.46320771994078,281.5
2021-01-03 22:30:00,5.6,281.5,3441.4999999999995,247.2,551.7,1297.9,2021-01-03 22:40:00,277.2,270.864134902957,251.16063419149373,277.2
2021-01-03 22:40:00,5.5,277.2,2073.4,281.5,558.0,1229.2,2021-01-03 22:50:00,181.4,263.77882618686095,242.7063827381147,181.4
2021-01-03 22:50:00,4.8,181.4,1877.3,277.2,471.6,1642.9,2021-01-03 23:00:00,172.4,184.38297487573834,185.6572311649586,172.4
2021-01-03 23:00:00,4.5,172.4,2291.2000000000003,181.4,388.5,1648.3,2021-01-03 23:10:00,108.2,180.67358249953747,190.02222499646837,108.2
2021-01-03 23:10:00,4.2,108.2,1094.9,172.4,321.7,1704.4,2021-01-03 23:20:00,96.3,134.87415844568568,142.7626169851569,96.3
2021-01-03 23:20:00,4.2,96.3,1007.5,108.2,247.2,1697.7,2021-01-03 23:30:00,74.1,124.12074479621705,133.98108523528413,74.1
2021-01-03 23:30:00,3.8,74.1,932.6000000000001,96.3,281.5,1772.7,2021-01-03 23:40:00,135.7,94.95143843693188,127.01672947285556,135.7
2021-01-03 23:40:00,4.3,135.7,1428.6,74.1,277.2,1873.5,2021-01-03 23:50:00,64.2,144.47543333880935,162.00912171114533,64.2
2021-01-03 23:50:00,3.6,64.2,1601.9999999999998,135.7,181.4,1567.4,2021-01-04 00:00:00,85.1,102.25545842889304,130.25197975156095,85.1
2021-01-04 00:00:00,3.8,85.1,809.7,64.2,172.4,304.6,2021-01-04 00:10:00,56.7,100.09012232812643,146.02935440414944,56.7
2021-01-04 00:10:00,3.6,56.7,710.3,85.1,108.2,363.2,2021-01-04 00:20:00,98.1,91.36061809391748,129.03069392891507,98.1
2021-01-04 00:20:00,3.9,98.1,776.5,56.7,96.3,631.2,2021-01-04 00:30:00,71.0,107.78748719970488,150.47005532197818,71.0
2021-01-04 00:30:00,3.7,71.0,733.6999999999999,98.1,74.1,495.0,2021-01-04 00:40:00,54.3,91.36061809391748,136.08755275258773,54.3
2021-01-04 00:40:00,3.6,54.3,760.8,71.0,135.7,384.6,2021-01-04 00:50:00,91.6,91.36061809391748,127.46875812653047,91.6
2021-01-04 00:50:00,4.0,91.6,1088.9,54.3,64.2,285.1,2021-01-04 01:00:00,136.8,121.32604222012768,147.58004156612606,136.8
2021-01-04 01:00:00,4.3,136.8,1496.7,91.6,85.1,257.7,2021-01-04 01:10:00,138.7,148.14300901527469,175.6369459692985,138.7
2021-01-04 01:10:00,4.2,138.7,1331.6000000000001,136.8,56.7,359.2,2021-01-04 01:20:00,83.6,144.47543333880935,177.59458678415126,83.6
2021-01-04 01:20:00,3.8,83.6,920.5999999999999,138.7,98.1,622.1,2021-01-04 01:30:00,125.6,100.09012232812643,142.64770357952443,125.6
2021-01-04 01:30:00,4.1,125.6,1187.7,83.6,71.0,372.1,2021-01-04 01:40:00,129.2,134.29638813460787,169.9101918103912,129.2
2021-01-04 01:40:00,4.2,129.2,1297.7,125.6,54.3,353.7,2021-01-04 01:50:00,113.3,140.72753502619304,170.46385310798144,113.3
2021-01-04 01:50:00,4.1,113.3,1268.6000000000001,129.2,91.6,247.2,2021-01-04 02:00:00,139.1,127.87866813383425,161.86663736690502,139.1
2021-01-04 02:00:00,4.3,139.1,1642.2,113.3,136.8,333.8,2021-01-04 02:10:00,150.6,148.14300901527469,177.4315589666453,150.6
2021-01-04 02:10:00,4.3,150.6,1968.7,139.1,138.7,386.8,2021-01-04 02:20:00,255.7,157.38320587334022,187.31985528827772,255.7
2021-01-04 02:20:00,5.1,255.7,2273.9,150.6,83.6,411.8,2021-01-04 02:30:00,175.9,239.47934041371477,245.98942155933037,175.9
2021-01-04 02:30:00,4.6,175.9,1996.9,255.7,125.6,390.5,2021-01-04 02:40:00,164.2,182.64392316764807,197.54089013166902,164.2
2021-01-04 02:40:00,4.4,164.2,1706.4,175.9,129.2,391.4,2021-01-04 02:50:00,169.5,161.01529471515434,192.93782231504338,169.5
2021-01-04 02:50:00,4.4,169.5,1712.8999999999999,164.2,113.3,347.0,2021-01-04 03:00:00,148.4,169.2043588609303,197.3503633639226,148.4
2021-01-04 03:00:00,4.2,148.4,1189.2,169.5,139.1,310.2,2021-01-04 03:10:00,104.9,152.5625957985519,184.02580426174063,104.9
2021-01-04 03:10:00,3.9,104.9,833.2,148.4,150.6,377.4,2021-01-04 03:20:00,66.2,111.37830754271931,157.09239303955997,66.2
2021-01-04 03:20:00,3.6,66.2,619.9,104.9,255.7,193.2,2021-01-04 03:30:00,78.5,91.36061809391748,136.5990257942019,78.5
2021-01-04 03:30:00,3.8,78.5,626.3000000000001,66.2,175.9,243.7,2021-01-04 03:40:00,99.1,96.49930198511203,140.4852375898122,99.1
2021-01-04 03:40:00,3.9,99.1,858.7,78.5,164.2,260.0,2021-01-04 03:50:00,117.3,111.37830754271931,154.34086102262654,117.3
2021-01-04 03:50:00,4.1,117.3,1050.0,99.1,169.5,222.8,2021-01-04 04:00:00,105.6,127.87866813383425,163.88630274336379,105.6
2021-01-04 04:00:00,4.0,105.6,1029.3,117.3,148.4,199.6,2021-01-04 04:10:00,129.1,121.32604222012768,157.75421181139268,129.1
2021-01-04 04:10:00,4.1,129.1,1063.2,105.6,104.9,214.3,2021-01-04 04:20:00,110.5,134.29638813460787,172.7920288248896,110.5
2021-01-04 04:20:00,3.9,110.5,857.5999999999999,129.1,66.2,170.8,2021-01-04 04:30:00,111.4,117.9309334564258,163.1838962505676,111.4
2021-01-04 04:30:00,4.0,111.4,877.9,110.5,78.5,125.6,2021-01-04 04:40:00,55.9,124.24222381833837,161.82733866596368,55.9
2021-01-04 04:40:00,3.6,55.9,588.1,111.4,99.1,110.5,2021-01-04 04:50:00,54.3,91.36061809391748,129.46048808794717,54.3
2021-01-04 04:50:00,3.5,54.3,434.7,55.9,117.3,111.0,2021-01-04 05:00:00,78.6,88.32185849886976,130.36875195397704,78.6
2021-01-04 05:00:00,3.8,78.6,561.9,54.3,105.6,74.6,2021-01-04 05:10:00,95.1,93.4605423900643,141.6110715255727,95.1
2021-01-04 05:10:00,4.0,95.1,662.7,78.6,129.1,148.0,2021-01-04 05:20:00,95.4,114.0987775616174,148.4660979268665,95.4
2021-01-04 05:20:00,4.0,95.4,629.0999999999999,95.1,110.5,242.9,2021-01-04 05:30:00,145.0,114.0987775616174,147.65306199829,145.0
2021-01-04 05:30:00,4.4,145.0,1131.1,95.4,111.4,179.5,2021-01-04 05:40:00,191.1,152.5625957985519,177.48070926099217,191.1
2021-01-04 05:40:00,4.5,191.1,1961.1999999999998,145.0,55.9,127.2,2021-01-04 05:50:00,212.2,185.01675006156083,214.11865423995062,212.2
2021-01-04 05:50:00,4.8,212.2,1855.7999999999997,191.1,54.3,91.5,2021-01-04 06:00:00,256.0,200.37318188855775,221.23591969539086,256.0
2021-01-04 06:00:00,5.3,256.0,2044.1,212.2,78.6,86.6,2021-01-04 06:10:00,229.1,245.58543707001118,241.64867692708526,229.1
2021-01-04 06:10:00,4.8,229.1,2180.9999999999995,256.0,95.1,187.7,2021-01-04 06:20:00,254.7,209.1436941168264,234.4801572941675,254.7
2021-01-04 06:20:00,4.9,254.7,2415.4,229.1,95.4,271.6,2021-01-04 06:30:00,126.3,239.47934041371477,251.82121631222833,126.3
2021-01-04 06:30:00,4.1,126.3,1209.3000000000002,254.7,145.0,215.5,2021-01-04 06:40:00,131.4,134.29638813460787,170.45089180544267,131.4
2021-01-04 06:40:00,4.1,131.4,1254.5,126.3,191.1,194.4,2021-01-04 06:50:00,165.9,134.29638813460787,175.5783549686073,165.9
2021-01-04 06:50:00,4.3,165.9,1418.8999999999996,131.4,212.2,168.1,2021-01-04 07:00:00,179.3,157.34771903868906,197.08686636964683,179.3
2021-01-04 07:00:00,4.5,179.3,1652.3000000000002,165.9,256.0,185.7,2021-01-04 07:10:00,178.9,177.86563937058418,202.7684023267509,178.9
2021-01-04 07:10:00,4.5,178.9,1584.7,179.3,229.1,156.1,2021-01-04 07:20:00,189.1,177.86563937058418,202.21672603230036,189.1
2021-01-04 07:20:00,4.4,189.1,1966.3999999999999,178.9,254.7,160.8,2021-01-04 07:30:00,160.3,185.01675006156083,214.63438015842598,160.3
2021-01-04 07:30:00,4.3,160.3,1936.4,189.1,126.3,139.8,2021-01-04 07:40:00,111.5,162.16832911347734,195.8675351436135,111.5
2021-01-04 07:40:00,4.1,111.5,1622.3,160.3,131.4,180.9,2021-01-04 07:50:00,231.9,131.5462438102995,162.88906466174103,231.9
2021-01-04 07:50:00,4.7,231.9,2475.4000000000005,111.5,165.9,166.9,2021-01-04 08:00:00,106.9,204.3437364302614,242.10267699353062,106.9
2021-01-04 08:00:00,4.1,106.9,2124.8,231.9,179.3,91.5,2021-01-04 08:10:00,150.4,136.3245276073634,162.59293858661545,150.4
2021-01-04 08:10:00,4.4,150.4,1716.0000000000002,106.9,178.9,186.6,2021-01-04 08:20:00,148.5,156.23017147501722,184.78835946234176,148.5
2021-01-04 08:20:00,4.3,148.5,1627.3,150.4,189.1,208.9,2021-01-04 08:30:00,201.5,156.23017147501722,184.97140553729628,201.5
2021-01-04 08:30:00,4.4,201.5,2272.4,148.5,160.3,148.2,2021-01-04 08:40:00,261.2,188.64199946030172,226.05413138093763,261.2
2021-01-04 08:40:00,5.1,261.2,3165.8999999999996,201.5,111.5,128.6,2021-01-04 08:50:00,288.2,246.1164240879045,257.1675811365769,288.2
2021-01-04 08:50:00,5.1,288.2,3746.7,261.2,231.9,165.4,2021-01-04 09:00:00,326.8,266.4677390423268,279.87152829273066,326.8
2021-01-04 09:00:00,5.6,326.8,4102.8,288.2,106.9,171.7,2021-01-04 09:10:00,367.0,290.65012087124234,297.4012468647163,367.0
2021-01-04 09:10:00,5.5,367.0,4660.700000000001,326.8,150.4,259.4,2021-01-04 09:20:00,339.1,316.60689886369084,332.21145962499827,339.1
2021-01-04 09:20:00,5.1,339.1,5144.500000000001,367.0,148.5,424.4,2021-01-04 09:30:00,411.7,315.0919680372124,323.2966988746099,411.7
2021-01-04 09:30:00,5.8,411.7,5528.3,339.1,201.5,402.4,2021-01-04 09:40:00,559.6,458.15657523308585,361.4913120630149,559.6
2021-01-04 09:40:00,6.5,559.6,7137.600000000001,411.7,261.2,434.6,2021-01-04 09:50:00,501.0,475.06819947738535,461.7490401352354,501.0
2021-01-04 09:50:00,6.2,501.0,6108.600000000001,559.6,288.2,381.9,2021-01-04 10:00:00,593.3,426.6062756744607,419.2603384800673,593.3
2021-01-04 10:00:00,6.8,593.3,6679.099999999999,501.0,326.8,420.4,2021-01-04 10:10:00,580.7,497.82270925280824,475.5887688439851,580.7
2021-01-04 10:10:00,6.7,580.7,5893.6,593.3,367.0,411.9,2021-01-04 10:20:00,708.0,467.4196126292846,463.5303431379135,708.0
2021-01-04 10:20:00,6.8,708.0,5980.0,580.7,339.1,435.3,2021-01-04 10:30:00,618.6,572.4842686945635,555.8931377273699,618.6
2021-01-04 10:30:00,6.8,618.6,5674.3,708.0,411.7,528.3,2021-01-04 10:40:00,720.5,489.3953768799978,485.9816423089002,720.5
2021-01-04 10:40:00,7.0,720.5,6252.3,618.6,559.6,686.7,2021-01-04 10:50:00,750.3,594.1945118313158,559.1919540543953,750.3
2021-01-04 10:50:00,6.8,750.3,6669.2,720.5,501.0,853.2,2021-01-04 11:00:00,872.3,597.5212578872088,587.0638112090652,872.3
2021-01-04 11:00:00,7.6,872.3,7641.8,750.3,593.3,667.6,2021-01-04 11:10:00,931.8,702.1745532892478,663.6350025502397,931.8
2021-01-04 11:10:00,7.3,931.8,7827.299999999999,872.3,580.7,871.1,2021-01-04 11:20:00,1017.2,713.6596348206731,714.339366262831,1017.2
2021-01-04 11:20:00,7.5,1017.2,7797.099999999999,931.8,708.0,721.3,2021-01-04 11:30:00,609.9,782.826172392926,772.9588808549349,609.9
2021-01-04 11:30:00,7.8,609.9,6064.3,1017.2,618.6,834.2,2021-01-04 11:40:00,617.0,510.94011473018065,450.8775346133616,617.0
2021-01-04 11:40:00,7.8,617.0,6060.099999999999,609.9,720.5,688.1,2021-01-04 11:50:00,621.4,502.28841431087113,460.1611099824785,621.4
2021-01-04 11:50:00,7.9,621.4,6066.4,617.0,750.3,657.6,2021-01-04 12:00:00,605.1,513.0124858696882,461.00627649141757,605.1
2021-01-04 12:00:00,7.8,605.1,6074.5,621.4,872.3,671.3,2021-01-04 12:10:00,615.4,504.92545960937946,451.3445255961018,615.4
2021-01-04 12:10:00,7.8,615.4,6070.4,605.1,931.8,585.9,2021-01-04 12:20:00,564.5,504.92545960937946,459.7007468534043,564.5
2021-01-04 12:20:00,7.6,564.5,6060.900000000001,615.4,1017.2,415.2,2021-01-04 12:30:00,576.8,484.84235798259965,428.2574910611638,576.8
2021-01-04 12:30:00,7.5,576.8,6058.7,564.5,609.9,627.7,2021-01-04 12:40:00,569.6,475.01080705866053,439.036648309228,569.6
2021-01-04 12:40:00,7.9,569.6,6057.000000000001,576.8,617.0,669.1,2021-01-04 12:50:00,559.3,492.9293842429084,422.7858986550581,559.3
2021-01-04 12:50:00,7.6,559.3,6057.799999999999,569.6,621.4,749.8,2021-01-04 13:00:00,569.6,475.7152953950014,422.43293684467676,569.6
2021-01-04 13:00:00,7.7,569.6,6058.4,559.3,605.1,926.1,2021-01-04 13:10:00,665.5,484.2605944458175,426.20023701780156,665.5
2021-01-04 13:10:00,7.7,665.5,7840.3,569.6,615.4,1094.7,2021-01-04 13:20:00,634.3,553.3943837771498,506.6583717471834,634.3
2021-01-04 13:20:00,7.8,634.3,8046.099999999999,665.5,564.5,1060.2,2021-01-04 13:30:00,646.9,508.80838000960154,481.69250234375363,646.9
2021-01-04 13:30:00,7.5,646.9,8034.0,634.3,576.8,1252.4,2021-01-04 13:40:00,650.1,527.4413377119531,497.58368746714723,650.1
2021-01-04 13:40:00,7.6,650.1,8030.699999999999,646.9,569.6,1615.6,2021-01-04 13:50:00,696.0,537.3543238172018,494.4468438264131,696.0
2021-01-04 13:50:00,7.5,696.0,8049.4,650.1,559.3,1564.0,2021-01-04 14:00:00,715.3,568.2711544708507,531.6443392481787,715.3
2021-01-04 14:00:00,7.4,715.3,7999.8,696.0,569.6,1751.9,2021-01-04 14:10:00,667.8,584.752999647153,546.5158351215348,667.8
2021-01-04 14:10:00,6.7,667.8,7691.5999999999985,715.3,665.5,1647.4,2021-01-04 14:20:00,682.5,528.7294748645994,528.337205386538,682.5
2021-01-04 14:20:00,7.3,682.5,7812.299999999999,667.8,634.3,1350.8,2021-01-04 14:30:00,813.6,567.4151076971666,526.897985126985,813.6
2021-01-04 14:30:00,7.2,813.6,8156.4,682.5,646.9,1117.8,2021-01-04 14:40:00,534.6,644.2873765713823,630.5958671487523,534.6
2021-01-04 14:40:00,6.2,534.6,6942.9,813.6,650.1,1355.5,2021-01-04 14:50:00,426.8,430.14896635852847,439.58946109433543,426.8
2021-01-04 14:50:00,5.9,426.8,5140.099999999999,534.6,696.0,1412.3,2021-01-04 15:00:00,365.8,386.9073182429571,358.23245752063235,365.8
2021-01-04 15:00:00,5.6,365.8,4739.6,426.8,715.3,1509.7,2021-01-04 15:10:00,402.4,318.28266604395526,318.4370508250646,402.4
2021-01-04 15:10:00,5.9,402.4,4927.700000000001,365.8,667.8,1301.4,2021-01-04 15:20:00,431.4,355.4477536678965,340.95684896360217,431.4
2021-01-04 15:20:00,5.5,431.4,4210.7,402.4,682.5,1413.1,2021-01-04 15:30:00,328.1,372.19965606997397,367.56516635415915,328.1
2021-01-04 15:30:00,5.8,328.1,4680.4,431.4,813.6,1188.7,2021-01-04 15:40:00,331.0,307.1110998310837,287.20482529377193,331.0
2021-01-04 15:40:00,5.4,331.0,4180.1,328.1,534.6,1045.9,2021-01-04 15:50:00,396.0,296.8151879256777,298.91330739293267,396.0
2021-01-04 15:50:00,5.6,396.0,4216.7,331.0,426.8,926.9,2021-01-04 16:00:00,320.3,339.71648245514206,343.13052861743756,320.3
2021-01-04 16:00:00,5.1,320.3,3592.9000000000005,396.0,365.8,928.3,2021-01-04 16:10:00,227.2,284.6601425933057,295.85488778242154,227.2
2021-01-04 16:10:00,4.9,227.2,2744.3,320.3,402.4,1125.6,2021-01-04 16:20:00,175.3,215.5004467558938,225.9168590650961,175.3
2021-01-04 16:20:00,5.0,175.3,2128.9,227.2,431.4,1038.0,2021-01-04 16:30:00,176.0,193.8006334932805,182.42218889892888,176.0
2021-01-04 16:30:00,4.6,176.0,1353.6000000000001,175.3,328.1,1338.4,2021-01-04 16:40:00,64.3,174.76240711438507,186.95433035600377,64.3
2021-01-04 16:40:00,3.7,64.3,653.9,176.0,331.0,1354.6,2021-01-04 16:50:00,74.6,91.92496151418365,123.2852016765911,74.6
2021-01-04 16:50:00,3.9,74.6,680.6999999999999,64.3,396.0,1342.2,2021-01-04 17:00:00,107.7,97.0636454053782,126.72127360049717,107.7
2021-01-04 17:00:00,4.1,107.7,774.9,74.6,320.3,1464.9,2021-01-04 17:10:00,13.3,121.21574689559017,145.6606737631896,13.3
2021-01-04 17:10:00,3.2,13.3,215.39999999999998,107.7,227.2,1837.6,2021-01-04 17:20:00,2.0,64.73792346428093,92.77113487359145,2.0
2021-01-04 17:20:00,3.0,2.0,77.1,13.3,175.3,1779.7,2021-01-04 17:30:00,0.0,64.73792346428093,89.97032367755162,0.0
2021-01-04 17:30:00,3.0,0.0,4.1,2.0,176.0,1729.9,2021-01-04 17:40:00,0.0,51.869388870196076,88.51454704348214,0.0
2021-01-04 17:40:00,3.0,0.0,17.400000000000002,0.0,64.3,1765.6,2021-01-04 17:50:00,0.0,51.869388870196076,88.41536690998953,0.0
2021-01-04 17:50:00,2.9,0.0,4.5,0.0,74.6,1683.8,2021-01-04 18:00:00,0.0,51.869388870196076,91.57874183653564,0.0
2021-01-04 18:00:00,2.8,0.0,0.0,0.0,107.7,1627.9,2021-01-04 18:10:00,0.0,51.869388870196076,94.57700932116575,0.0
2021-01-04 18:10:00,2.6,0.0,0.0,0.0,13.3,1663.0,2021-01-04 18:20:00,0.0,51.869388870196076,99.61640478669926,0.0
2021-01-04 18:20:00,2.1,0.0,0.0,0.0,2.0,1748.9,2021-01-04 18:30:00,0.0,51.869388870196076,112.06665145859267,0.0
2021-01-04 18:30:00,2.0,0.0,0.0,0.0,0.0,1747.7,2021-01-04 18:40:00,0.0,51.869388870196076,114.6975049300089,0.0
2021-01-04 18:40:00,2.2,0.0,0.0,0.0,0.0,1747.3,2021-01-04 18:50:00,0.0,51.869388870196076,109.46016820900456,0.0
2021-01-04 18:50:00,2.0,0.0,0.0,0.0,0.0,1401.8,2021-01-04 19:00:00,0.0,51.869388870196076,117.3508870485174,0.0
2021-01-04 19:00:00,2.2,0.0,0.0,0.0,0.0,1387.2,2021-01-04 19:10:00,0.0,51.869388870196076,112.22247783859382,0.0
2021-01-04 19:10:00,2.4,0.0,0.0,0.0,0.0,1417.0,2021-01-04 19:20:00,0.0,51.869388870196076,106.75347838275582,0.0
2021-01-04 19:20:00,2.5,0.0,0.0,0.0,0.0,975.7,2021-01-04 19:30:00,0.0,51.869388870196076,107.51846672209228,0.0
2021-01-04 19:30:00,2.2,0.0,0.0,0.0,0.0,1489.1,2021-01-04 19:40:00,0.0,51.869388870196076,111.44080788231724,0.0
2021-01-04 19:40:00,2.3,0.0,0.0,0.0,0.0,1278.1,2021-01-04 19:50:00,0.0,51.869388870196076,110.43917609476,0.0
2021-01-04 19:50:00,2.6,0.0,0.0,0.0,0.0,1050.4,2021-01-04 20:00:00,0.0,51.869388870196076,104.32524409539667,0.0
2021-01-04 20:00:00,2.7,0.0,0.0,0.0,0.0,574.1,2021-01-04 20:10:00,0.0,51.869388870196076,105.35871573669249,0.0
2021-01-04 20:10:00,2.9,0.0,0.0,0.0,0.0,470.3,2021-01-04 20:20:00,0.0,51.869388870196076,100.9145553991915,0.0
2021-01-04 20:20:00,3.4,0.0,0.0,0.0,0.0,566.6,2021-01-04 20:30:00,32.2,51.869388870196076,87.07483001723301,32.2
2021-01-04 20:30:00,3.7,32.2,295.2,0.0,0.0,614.2,2021-01-04 20:40:00,35.8,66.18392633801672,104.52029989350706,35.8
2021-01-04 20:40:00,3.4,35.8,291.69999999999993,32.2,0.0,747.2,2021-01-04 20:50:00,36.9,75.50632780187586,113.77693524596145,36.9
2021-01-04 20:50:00,3.5,36.9,152.1,35.8,0.0,706.1,2021-01-04 21:00:00,7.2,75.50632780187586,111.43065019136691,7.2
2021-01-04 21:00:00,3.1,7.2,48.2,36.9,0.0,747.8,2021-01-04 21:10:00,19.9,64.73792346428093,98.90871161842153,19.9
2021-01-04 21:10:00,3.3,19.9,20.5,7.2,0.0,664.5,2021-01-04 21:20:00,4.4,64.73792346428093,103.79142269894885,4.4
2021-01-04 21:20:00,3.1,4.4,4.4,19.9,0.0,528.8,2021-01-04 21:30:00,0.0,64.73792346428093,98.37309293547912,0.0
2021-01-04 21:30:00,3.0,0.0,0.0,4.4,32.2,551.7,2021-01-04 21:40:00,0.0,51.869388870196076,97.61437104749496,0.0
2021-01-04 21:40:00,2.8,0.0,0.0,0.0,35.8,558.0,2021-01-04 21:50:00,0.0,51.869388870196076,102.83613606363645,0.0
2021-01-04 21:50:00,2.6,0.0,0.0,0.0,36.9,471.6,2021-01-04 22:00:00,0.0,51.869388870196076,108.73851619514073,0.0
2021-01-04 22:00:00,2.6,0.0,0.0,0.0,7.2,388.5,2021-01-04 22:10:00,0.0,51.869388870196076,109.39744207921729,0.0
2021-01-04 22:10:00,2.6,0.0,0.0,0.0,19.9,321.7,2021-01-04 22:20:00,0.0,51.869388870196076,109.9006809427791,0.0
2021-01-04 22:20:00,2.4,0.0,0.0,0.0,4.4,247.2,2021-01-04 22:30:00,0.0,51.869388870196076,115.72377671595325,0.0
2021-01-04 22:30:00,2.4,0.0,0.0,0.0,0.0,281.5,2021-01-04 22:40:00,0.0,51.869388870196076,115.46384379347148,0.0
2021-01-04 22:40:00,2.5,0.0,0.0,0.0,0.0,277.2,2021-01-04 22:50:00,0.0,51.869388870196076,112.87662633405614,0.0
2021-01-04 22:50:00,2.6,0.0,0.0,0.0,0.0,181.4,2021-01-04 23:00:00,0.0,51.869388870196076,110.99130093547762,0.0
2021-01-04 23:00:00,2.7,0.0,0.0,0.0,0.0,172.4,2021-01-04 23:10:00,0.0,51.869388870196076,108.4401369480396,0.0
2021-01-04 23:10:00,2.9,0.0,0.0,0.0,0.0,108.2,2021-01-04 23:20:00,0.0,51.869388870196076,103.69220693174987,0.0
2021-01-04 23:20:00,2.8,0.0,0.0,0.0,0.0,96.3,2021-01-04 23:30:00,0.0,51.869388870196076,106.40369380521531,0.0
2021-01-04 23:30:00,2.9,0.0,0.0,0.0,0.0,74.1,2021-01-04 23:40:00,0.0,51.869388870196076,103.95378637737338,0.0
2021-01-04 23:40:00,3.0,0.0,0.0,0.0,0.0,135.7,2021-01-04 23:50:00,0.0,51.869388870196076,100.86105321512548,0.0
2021-01-04 23:50:00,3.1,0.0,0.0,0.0,0.0,64.2,2021-01-05 00:00:00,5.4,51.869388870196076,98.78932369547226,5.4
2021-01-05 00:00:00,2.8,5.4,14.4,0.0,0.0,85.1,2021-01-05 00:10:00,0.0,66.18392633801672,110.58553952025056,0.0
2021-01-05 00:10:00,2.4,0.0,0.0,5.4,0.0,56.7,2021-01-05 00:20:00,0.0,51.869388870196076,117.14864589667275,0.0
2021-01-05 00:20:00,2.5,0.0,0.0,0.0,0.0,98.1,2021-01-05 00:30:00,0.0,51.869388870196076,114.2504937449404,0.0
2021-01-05 00:30:00,2.4,0.0,0.0,0.0,0.0,71.0,2021-01-05 00:40:00,0.0,51.869388870196076,117.07857908097083,0.0
2021-01-05 00:40:00,2.5,0.0,0.0,0.0,0.0,54.3,2021-01-05 00:50:00,0.0,51.869388870196076,114.58648141996412,0.0
2021-01-05 00:50:00,2.6,0.0,0.0,0.0,0.0,91.6,2021-01-05 01:00:00,0.0,51.869388870196076,111.68015237879092,0.0
2021-01-05 01:00:00,2.8,0.0,0.0,0.0,5.4,136.8,2021-01-05 01:10:00,44.2,51.869388870196076,106.0891166672344,44.2
2021-01-05 01:10:00,3.6,44.2,248.10000000000002,0.0,0.0,138.7,2021-01-05 01:20:00,75.3,81.444691702647,119.41878513810855,75.3
2021-01-05 01:20:00,3.9,75.3,513.3000000000001,44.2,0.0,83.6,2021-01-05 01:30:00,78.3,93.4605423900643,136.3320656759024,78.3
2021-01-05 01:30:00,3.8,78.3,750.8,75.3,0.0,125.6,2021-01-05 01:40:00,69.4,96.49930198511203,142.04487313520053,69.4
2021-01-05 01:40:00,3.8,69.4,704.5999999999999,78.3,0.0,129.2,2021-01-05 01:50:00,28.4,91.36061809391748,135.11067162905533,28.4
2021-01-05 01:50:00,3.4,28.4,212.39999999999998,69.4,0.0,113.3,2021-01-05 02:00:00,0.0,64.73792346428093,112.39868457739851,0.0
2021-01-05 02:00:00,3.0,0.0,1.5,28.4,0.0,139.1,2021-01-05 02:10:00,0.0,51.869388870196076,100.6354970272979,0.0
2021-01-05 02:10:00,2.7,0.0,0.0,0.0,44.2,150.6,2021-01-05 02:20:00,0.0,51.869388870196076,108.57541197813464,0.0
2021-01-05 02:20:00,2.5,0.0,0.0,0.0,75.3,255.7,2021-01-05 02:30:00,0.0,51.869388870196076,112.98711821781137,0.0
2021-01-05 02:30:00,2.3,0.0,0.0,0.0,78.3,175.9,2021-01-05 02:40:00,0.0,51.869388870196076,118.83749657962369,0.0
2021-01-05 02:40:00,2.2,0.0,0.0,0.0,69.4,164.2,2021-01-05 02:50:00,0.0,51.869388870196076,121.55388297861089,0.0
2021-01-05 02:50:00,2.4,0.0,0.0,0.0,28.4,169.5,2021-01-05 03:00:00,0.0,51.869388870196076,116.30246030027558,0.0
2021-01-05 03:00:00,2.3,0.0,0.0,0.0,0.0,148.4,2021-01-05 03:10:00,0.0,51.869388870196076,119.10504998686531,0.0
2021-01-05 03:10:00,2.1,0.0,0.0,0.0,0.0,104.9,2021-01-05 03:20:00,0.0,51.869388870196076,124.67914147804174,0.0
2021-01-05 03:20:00,2.0,0.0,0.0,0.0,0.0,66.2,2021-01-05 03:30:00,0.0,51.869388870196076,127.59620985129322,0.0
2021-01-05 03:30:00,1.7,0.0,0.0,0.0,0.0,78.5,2021-01-05 03:40:00,0.0,51.869388870196076,135.36246480043064,0.0
2021-01-05 03:40:00,2.0,0.0,0.0,0.0,0.0,99.1,2021-01-05 03:50:00,0.0,51.869388870196076,127.34383554745136,0.0
2021-01-05 03:50:00,1.9,0.0,0.0,0.0,0.0,117.3,2021-01-05 04:00:00,0.0,51.869388870196076,129.8244267812314,0.0
2021-01-05 04:00:00,2.6,0.0,0.0,0.0,0.0,105.6,2021-01-05 04:10:00,33.4,51.869388870196076,111.57275905800714,33.4
2021-01-05 04:10:00,3.4,33.4,158.5,0.0,0.0,129.1,2021-01-05 04:20:00,126.7,76.95233067561163,116.17868753334949,126.7
2021-01-05 04:20:00,4.1,126.7,474.3,33.4,0.0,110.5,2021-01-05 04:30:00,54.3,124.0303638810499,168.90265569864084,54.3
2021-01-05 04:30:00,3.2,54.3,213.2,126.7,0.0,111.4,2021-01-05 04:40:00,30.5,88.32185849886976,136.47169610196875,30.5
2021-01-05 04:40:00,3.2,30.5,120.7,54.3,0.0,55.9,2021-01-05 04:50:00,32.7,64.73792346428093,119.20330548667414,32.7
2021-01-05 04:50:00,3.3,32.7,74.2,30.5,0.0,54.3,2021-01-05 05:00:00,25.5,75.50632780187586,118.12671390501976,25.5
2021-01-05 05:00:00,3.3,25.5,35.4,32.7,0.0,78.6,2021-01-05 05:10:00,41.5,64.73792346428093,112.34613553005886,41.5
2021-01-05 05:10:00,3.5,41.5,149.10000000000002,25.5,33.4,95.1,2021-01-05 05:20:00,40.5,75.50632780187586,119.56720217054942,40.5
2021-01-05 05:20:00,3.5,40.5,487.90000000000003,41.5,126.7,95.4,2021-01-05 05:30:00,33.0,75.50632780187586,120.65619066170314,33.0
2021-01-05 05:30:00,3.4,33.0,416.4,40.5,54.3,145.0,2021-01-05 05:40:00,50.4,75.50632780187586,116.95992963512174,50.4
2021-01-05 05:40:00,3.6,50.4,591.3,33.0,30.5,191.1,2021-01-05 05:50:00,46.0,91.36061809391748,125.40181476964881,46.0
2021-01-05 05:50:00,3.6,46.0,395.6,50.4,32.7,212.2,2021-01-05 06:00:00,60.7,79.9986888289112,120.67707220091336,60.7
2021-01-05 06:00:00,3.8,60.7,416.7,46.0,25.5,256.0,2021-01-05 06:10:00,50.6,88.32185849886976,126.18035777098885,50.6
2021-01-05 06:10:00,3.7,50.6,523.6,60.7,41.5,229.1,2021-01-05 06:20:00,28.6,88.32185849886976,122.02401569826918,28.6
2021-01-05 06:20:00,3.3,28.6,336.4,50.6,40.5,254.7,2021-01-05 06:30:00,28.3,64.73792346428093,114.93028826813168,28.3
2021-01-05 06:30:00,3.4,28.3,62.5,28.6,33.0,126.3,2021-01-05 06:40:00,8.9,64.73792346428093,111.60706392054101,8.9
2021-01-05 06:40:00,3.2,8.9,8.9,28.3,50.4,131.4,2021-01-05 06:50:00,0.0,64.73792346428093,102.0718361729065,0.0
2021-01-05 06:50:00,2.7,0.0,0.0,8.9,46.0,165.9,2021-01-05 07:00:00,0.0,51.869388870196076,108.3914327498959,0.0
2021-01-05 07:00:00,2.6,0.0,0.0,0.0,60.7,179.3,2021-01-05 07:10:00,0.0,51.869388870196076,110.96353054593271,0.0
2021-01-05 07:10:00,2.7,0.0,83.10000000000001,0.0,50.6,178.9,2021-01-05 07:20:00,82.9,51.869388870196076,108.84885563857108,82.9
2021-01-05 07:20:00,3.8,82.9,1353.2,0.0,28.6,189.1,2021-01-05 07:30:00,137.6,105.17256951735811,149.09516431689985,137.6
2021-01-05 07:30:00,4.3,137.6,1862.7,82.9,28.3,160.3,2021-01-05 07:40:00,233.5,149.29604341359772,179.26393513820585,233.5
2021-01-05 07:40:00,4.9,233.5,2780.1,137.6,8.9,111.5,2021-01-05 07:50:00,349.8,225.72999451885968,240.21296747117503,349.8
2021-01-05 07:50:00,5.6,349.8,4676.199999999999,233.5,0.0,231.9,2021-01-05 08:00:00,500.7,317.05512390559716,317.9149702932583,500.7
2021-01-05 08:00:00,6.6,500.7,6701.100000000001,349.8,0.0,106.9,2021-01-05 08:10:00,678.4,432.23128710922094,415.94466408413496,678.4
2021-01-05 08:10:00,7.0,678.4,6475.9000000000015,500.7,0.0,150.4,2021-01-05 08:20:00,658.0,560.8491637547442,534.643817606048,658.0
2021-01-05 08:20:00,6.8,658.0,6833.4,678.4,82.9,148.5,2021-01-05 08:30:00,514.6,535.4241994186281,525.5156443105003,514.6
2021-01-05 08:30:00,6.2,514.6,7168.999999999999,658.0,137.6,201.5,2021-01-05 08:40:00,594.0,422.08408419261923,436.4489984947181,594.0
2021-01-05 08:40:00,6.7,594.0,6080.7,514.6,233.5,261.2,2021-01-05 08:50:00,439.2,489.6568513156167,476.3520456106189,439.2
2021-01-05 08:50:00,6.1,439.2,5179.3,594.0,349.8,288.2,2021-01-05 09:00:00,527.2,401.96516394613985,370.87134488615027,527.2
2021-01-05 09:00:00,6.1,527.2,5170.3,439.2,500.7,326.8,2021-01-05 09:10:00,462.6,448.81608919090644,436.8987573782057,462.6
2021-01-05 09:10:00,5.9,462.6,5778.400000000001,527.2,678.4,367.0,2021-01-05 09:20:00,572.0,458.8191003949385,396.7069529940936,572.0
2021-01-05 09:20:00,6.3,572.0,5348.6,462.6,658.0,339.1,2021-01-05 09:30:00,540.7,488.27319424027587,465.61018949325205,540.7
2021-01-05 09:30:00,6.1,540.7,4742.7,572.0,514.6,411.7,2021-01-05 09:40:00,487.9,441.79074928011966,442.7403248285739,487.9
2021-01-05 09:40:00,6.1,487.9,5099.4,540.7,594.0,559.6,2021-01-05 09:50:00,359.0,428.15541041896773,404.69337845674204,359.0
2021-01-05 09:50:00,5.3,359.0,4061.3,487.9,439.2,501.0,2021-01-05 10:00:00,391.4,311.12229360788143,324.69506024037594,391.4
2021-01-05 10:00:00,5.8,391.4,4432.9,359.0,527.2,593.3,2021-01-05 10:10:00,327.9,338.6798762745511,338.04330807935924,327.9
2021-01-05 10:10:00,5.5,327.9,3833.2999999999997,391.4,462.6,580.7,2021-01-05 10:20:00,202.8,290.76623924960217,295.0806076320106,202.8
2021-01-05 10:20:00,4.6,202.8,3858.8000000000006,327.9,572.0,708.0,2021-01-05 10:30:00,285.9,201.78707440755954,225.32348473695367,285.9
2021-01-05 10:30:00,4.8,285.9,4444.4,202.8,540.7,618.6,2021-01-05 10:40:00,278.8,267.2886219198673,286.9102843830998,278.8
2021-01-05 10:40:00,4.8,278.8,5541.3,285.9,487.9,720.5,2021-01-05 10:50:00,331.5,279.6107334521224,286.8203477673735,331.5
2021-01-05 10:50:00,5.0,331.5,6715.6,278.8,359.0,750.3,2021-01-05 11:00:00,379.5,285.7033184488519,327.6296674719231,379.5
2021-01-05 11:00:00,5.5,379.5,7147.799999999999,331.5,391.4,872.3,2021-01-05 11:10:00,566.6,397.97624784582683,351.40351554794483,566.6
2021-01-05 11:10:00,6.5,566.6,8778.3,379.5,327.9,931.8,2021-01-05 11:20:00,655.5,490.8249700953397,473.0976826155587,655.5
