model_key                   , status, target_column_not_in_X, future_timestamp_not_used, fit_only_on_train, prediction_timestamp_gt_issue, duplicated_rows, feature_leakage, target_leakage, failed_checks
ModelStatusTB01_10min_Ridge , PASS  , True                  , True                     , True             , True                         , False          , False          , False         , 
ModelStatusTB01_10min_XGB   , PASS  , True                  , True                     , True             , True                         , False          , False          , False         , 
ModelStatusTB01_10min_LGBM  , PASS  , True                  , True                     , True             , True                         , False          , False          , False         , 
ModelStatusTB01_30min_Ridge , PASS  , True                  , True                     , True             , True                         , False          , False          , False         , 
ModelStatusTB01_30min_XGB   , PASS  , True                  , True                     , True             , True                         , False          , False          , False         , 
ModelStatusTB01_30min_LGBM  , PASS  , True                  , True                     , True             , True                         , False          , False          , False         , 
ModelStatusTB01_1hour_Ridge , PASS  , True                  , True                     , True             , True                         , False          , False          , False         , 
ModelStatusTB01_1hour_XGB   , PASS  , True                  , True                     , True             , True                         , False          , False          , False         , 
ModelStatusTB01_1hour_LGBM  , PASS  , True                  , True                     , True             , True                         , False          , False          , False         , 
ModelStatusTB01_6hour_Ridge , PASS  , True                  , True                     , True             , True                         , False          , False          , False         , 
ModelStatusTB01_6hour_XGB   , PASS  , True                  , True                     , True             , True                         , False          , False          , False         , 
ModelStatusTB01_6hour_LGBM  , PASS  , True                  , True                     , True             , True                         , False          , False          , False         , 
ModelStatusTB01_24hour_Ridge, PASS  , True                  , True                     , True             , True                         , False          , False          , False         , 
ModelStatusTB01_24hour_XGB  , PASS  , True                  , True                     , True             , True                         , False          , False          , False         , 
ModelStatusTB01_24hour_LGBM , PASS  , True                  , True                     , True             , True                         , False          , False          , False         , 
ModelStatusTB02_10min_Ridge , PASS  , True                  , True                     , True             , True                         , False          , False          , False         , 
ModelStatusTB02_10min_XGB   , PASS  , True                  , True                     , True             , True                         , False          , False          , False         , 
ModelStatusTB02_10min_LGBM  , PASS  , True                  , True                     , True             , True                         , False          , False          , False         , 
ModelStatusTB02_30min_Ridge , PASS  , True                  , True                     , True             , True                         , False          , False          , False         , 
ModelStatusTB02_30min_XGB   , PASS  , True                  , True                     , True             , True                         , False          , False          , False         , 
ModelStatusTB02_30min_LGBM  , PASS  , True                  , True                     , True             , True                         , False          , False          , False         , 
ModelStatusTB02_1hour_Ridge , PASS  , True                  , True                     , True             , True                         , False          , False          , False         , 
ModelStatusTB02_1hour_XGB   , PASS  , True                  , True                     , True             , True                         , False          , False          , False         , 
ModelStatusTB02_1hour_LGBM  , PASS  , True                  , True                     , True             , True                         , False          , False          , False         , 
ModelStatusTB02_6hour_Ridge , PASS  , True                  , True                     , True             , True                         , False          , False          , False         , 
ModelStatusTB02_6hour_XGB   , PASS  , True                  , True                     , True             , True                         , False          , False          , False         , 
ModelStatusTB02_6hour_LGBM  , PASS  , True                  , True                     , True             , True                         , False          , False          , False         , 
ModelStatusTB02_24hour_Ridge, PASS  , True                  , True                     , True             , True                         , False          , False          , False         , 
ModelStatusTB02_24hour_XGB  , PASS  , True                  , True                     , True             , True                         , False          , False          , False         , 
ModelStatusTB02_24hour_LGBM , PASS  , True                  , True                     , True             , True                         , False          , False          , False         , 
ModelStatusTB03_10min_Ridge , PASS  , True                  , True                     , True             , True                         , False          , False          , False         , 
ModelStatusTB03_10min_XGB   , PASS  , True                  , True                     , True             , True                         , False          , False          , False         , 
ModelStatusTB03_10min_LGBM  , PASS  , True                  , True                     , True             , True                         , False          , False          , False         , 
ModelStatusTB03_30min_Ridge , PASS  , True                  , True                     , True             , True                         , False          , False          , False         , 
ModelStatusTB03_30min_XGB   , PASS  , True                  , True                     , True             , True                         , False          , False          , False         , 
ModelStatusTB03_30min_LGBM  , PASS  , True                  , True                     , True             , True                         , False          , False          , False         , 
ModelStatusTB03_1hour_Ridge , PASS  , True                  , True                     , True             , True                         , False          , False          , False         , 
ModelStatusTB03_1hour_XGB   , PASS  , True                  , True                     , True             , True                         , False          , False          , False         , 
ModelStatusTB03_1hour_LGBM  , PASS  , True                  , True                     , True             , True                         , False          , False          , False         , 
ModelStatusTB03_6hour_Ridge , PASS  , True                  , True                     , True             , True                         , False          , False          , False         , 
ModelStatusTB03_6hour_XGB   , PASS  , True                  , True                     , True             , True                         , False          , False          , False         , 
ModelStatusTB03_6hour_LGBM  , PASS  , True                  , True                     , True             , True                         , False          , False          , False         , 
ModelStatusTB03_24hour_Ridge, PASS  , True                  , True                     , True             , True                         , False          , False          , False         , 
ModelStatusTB03_24hour_XGB  , PASS  , True                  , True                     , True             , True                         , False          , False          , False         , 
ModelStatusTB03_24hour_LGBM , PASS  , True                  , True                     , True             , True                         , False          , False          , False         , 
ModelStatusTB04_10min_Ridge , PASS  , True                  , True                     , True             , True                         , False          , False          , False         , 
ModelStatusTB04_10min_XGB   , PASS  , True                  , True                     , True             , True                         , False          , False          , False         , 
ModelStatusTB04_10min_LGBM  , PASS  , True                  , True                     , True             , True                         , False          , False          , False         , 
ModelStatusTB04_30min_Ridge , PASS  , True                  , True                     , True             , True                         , False          , False          , False         , 
ModelStatusTB04_30min_XGB   , PASS  , True                  , True                     , True             , True                         , False          , False          , False         , 
ModelStatusTB04_30min_LGBM  , PASS  , True                  , True                     , True             , True                         , False          , False          , False         , 
ModelStatusTB04_1hour_Ridge , PASS  , True                  , True                     , True             , True                         , False          , False          , False         , 
ModelStatusTB04_1hour_XGB   , PASS  , True                  , True                     , True             , True                         , False          , False          , False         , 
ModelStatusTB04_1hour_LGBM  , PASS  , True                  , True                     , True             , True                         , False          , False          , False         , 
ModelStatusTB04_6hour_Ridge , PASS  , True                  , True                     , True             , True                         , False          , False          , False         , 
ModelStatusTB04_6hour_XGB   , PASS  , True                  , True                     , True             , True                         , False          , False          , False         , 
ModelStatusTB04_6hour_LGBM  , PASS  , True                  , True                     , True             , True                         , False          , False          , False         , 
ModelStatusTB04_24hour_Ridge, PASS  , True                  , True                     , True             , True                         , False          , False          , False         , 
ModelStatusTB04_24hour_XGB  , PASS  , True                  , True                     , True             , True                         , False          , False          , False         , 
ModelStatusTB04_24hour_LGBM , PASS  , True                  , True                     , True             , True                         , False          , False          , False         , 
ModelStatusTB05_10min_Ridge , PASS  , True                  , True                     , True             , True                         , False          , False          , False         , 
ModelStatusTB05_10min_XGB   , PASS  , True                  , True                     , True             , True                         , False          , False          , False         , 
ModelStatusTB05_10min_LGBM  , PASS  , True                  , True                     , True             , True                         , False          , False          , False         , 
ModelStatusTB05_30min_Ridge , PASS  , True                  , True                     , True             , True                         , False          , False          , False         , 
ModelStatusTB05_30min_XGB   , PASS  , True                  , True                     , True             , True                         , False          , False          , False         , 
ModelStatusTB05_30min_LGBM  , PASS  , True                  , True                     , True             , True                         , False          , False          , False         , 
ModelStatusTB05_1hour_Ridge , PASS  , True                  , True                     , True             , True                         , False          , False          , False         , 
ModelStatusTB05_1hour_XGB   , PASS  , True                  , True                     , True             , True                         , False          , False          , False         , 
ModelStatusTB05_1hour_LGBM  , PASS  , True                  , True                     , True             , True                         , False          , False          , False         , 
ModelStatusTB05_6hour_Ridge , PASS  , True                  , True                     , True             , True                         , False          , False          , False         , 
ModelStatusTB05_6hour_XGB   , PASS  , True                  , True                     , True             , True                         , False          , False          , False         , 
ModelStatusTB05_6hour_LGBM  , PASS  , True                  , True                     , True             , True                         , False          , False          , False         , 
ModelStatusTB05_24hour_Ridge, PASS  , True                  , True                     , True             , True                         , False          , False          , False         , 
ModelStatusTB05_24hour_XGB  , PASS  , True                  , True                     , True             , True                         , False          , False          , False         , 
ModelStatusTB05_24hour_LGBM , PASS  , True                  , True                     , True             , True                         , False          , False          , False         , 
ModelStatusTB06_10min_Ridge , PASS  , True                  , True                     , True             , True                         , False          , False          , False         , 
ModelStatusTB06_10min_XGB   , PASS  , True                  , True                     , True             , True                         , False          , False          , False         , 
ModelStatusTB06_10min_LGBM  , PASS  , True                  , True                     , True             , True                         , False          , False          , False         , 
ModelStatusTB06_30min_Ridge , PASS  , True                  , True                     , True             , True                         , False          , False          , False         , 
ModelStatusTB06_30min_XGB   , PASS  , True                  , True                     , True             , True                         , False          , False          , False         , 
ModelStatusTB06_30min_LGBM  , PASS  , True                  , True                     , True             , True                         , False          , False          , False         , 
ModelStatusTB06_1hour_Ridge , PASS  , True                  , True                     , True             , True                         , False          , False          , False         , 
ModelStatusTB06_1hour_XGB   , PASS  , True                  , True                     , True             , True                         , False          , False          , False         , 
ModelStatusTB06_1hour_LGBM  , PASS  , True                  , True                     , True             , True                         , False          , False          , False         , 
ModelStatusTB06_6hour_Ridge , PASS  , True                  , True                     , True             , True                         , False          , False          , False         , 
ModelStatusTB06_6hour_XGB   , PASS  , True                  , True                     , True             , True                         , False          , False          , False         , 
ModelStatusTB06_6hour_LGBM  , PASS  , True                  , True                     , True             , True                         , False          , False          , False         , 
ModelStatusTB06_24hour_Ridge, PASS  , True                  , True                     , True             , True                         , False          , False          , False         , 
ModelStatusTB06_24hour_XGB  , PASS  , True                  , True                     , True             , True                         , False          , False          , False         , 
ModelStatusTB06_24hour_LGBM , PASS  , True                  , True                     , True             , True                         , False          , False          , False         , 
ModelStatusTB07_10min_Ridge , PASS  , True                  , True                     , True             , True                         , False          , False          , False         , 
ModelStatusTB07_10min_XGB   , PASS  , True                  , True                     , True             , True                         , False          , False          , False         , 
ModelStatusTB07_10min_LGBM  , PASS  , True                  , True                     , True             , True                         , False          , False          , False         , 
ModelStatusTB07_30min_Ridge , PASS  , True                  , True                     , True             , True                         , False          , False          , False         , 
ModelStatusTB07_30min_XGB   , PASS  , True                  , True                     , True             , True                         , False          , False          , False         , 
ModelStatusTB07_30min_LGBM  , PASS  , True                  , True                     , True             , True                         , False          , False          , False         , 
ModelStatusTB07_1hour_Ridge , PASS  , True                  , True                     , True             , True                         , False          , False          , False         , 
ModelStatusTB07_1hour_XGB   , PASS  , True                  , True                     , True             , True                         , False          , False          , False         , 
ModelStatusTB07_1hour_LGBM  , PASS  , True                  , True                     , True             , True                         , False          , False          , False         , 
ModelStatusTB07_6hour_Ridge , PASS  , True                  , True                     , True             , True                         , False          , False          , False         , 
ModelStatusTB07_6hour_XGB   , PASS  , True                  , True                     , True             , True                         , False          , False          , False         , 
ModelStatusTB07_6hour_LGBM  , PASS  , True                  , True                     , True             , True                         , False          , False          , False         , 
ModelStatusTB07_24hour_Ridge, PASS  , True                  , True                     , True             , True                         , False          , False          , False         , 
ModelStatusTB07_24hour_XGB  , PASS  , True                  , True                     , True             , True                         , False          , False          , False         , 
ModelStatusTB07_24hour_LGBM , PASS  , True                  , True                     , True             , True                         , False          , False          , False         , 
ModelStatusTB08_10min_Ridge , PASS  , True                  , True                     , True             , True                         , False          , False          , False         , 
ModelStatusTB08_10min_XGB   , PASS  , True                  , True                     , True             , True                         , False          , False          , False         , 
ModelStatusTB08_10min_LGBM  , PASS  , True                  , True                     , True             , True                         , False          , False          , False         , 
ModelStatusTB08_30min_Ridge , PASS  , True                  , True                     , True             , True                         , False          , False          , False         , 
ModelStatusTB08_30min_XGB   , PASS  , True                  , True                     , True             , True                         , False          , False          , False         , 
ModelStatusTB08_30min_LGBM  , PASS  , True                  , True                     , True             , True                         , False          , False          , False         , 
ModelStatusTB08_1hour_Ridge , PASS  , True                  , True                     , True             , True                         , False          , False          , False         , 
ModelStatusTB08_1hour_XGB   , PASS  , True                  , True                     , True             , True                         , False          , False          , False         , 
ModelStatusTB08_1hour_LGBM  , PASS  , True                  , True                     , True             , True                         , False          , False          , False         , 
ModelStatusTB08_6hour_Ridge , PASS  , True                  , True                     , True             , True                         , False          , False          , False         , 
ModelStatusTB08_6hour_XGB   , PASS  , True                  , True                     , True             , True                         , False          , False          , False         , 
ModelStatusTB08_6hour_LGBM  , PASS  , True                  , True                     , True             , True                         , False          , False          , False         , 
ModelStatusTB08_24hour_Ridge, PASS  , True                  , True                     , True             , True                         , False          , False          , False         , 
ModelStatusTB08_24hour_XGB  , PASS  , True                  , True                     , True             , True                         , False          , False          , False         , 
ModelStatusTB08_24hour_LGBM , PASS  , True                  , True                     , True             , True                         , False          , False          , False         , 
ModelStatusTB09_10min_Ridge , PASS  , True                  , True                     , True             , True                         , False          , False          , False         , 
ModelStatusTB09_10min_XGB   , PASS  , True                  , True                     , True             , True                         , False          , False          , False         , 
ModelStatusTB09_10min_LGBM  , PASS  , True                  , True                     , True             , True                         , False          , False          , False         , 
ModelStatusTB09_30min_Ridge , PASS  , True                  , True                     , True             , True                         , False          , False          , False         , 
ModelStatusTB09_30min_XGB   , PASS  , True                  , True                     , True             , True                         , False          , False          , False         , 
ModelStatusTB09_30min_LGBM  , PASS  , True                  , True                     , True             , True                         , False          , False          , False         , 
ModelStatusTB09_1hour_Ridge , PASS  , True                  , True                     , True             , True                         , False          , False          , False         , 
ModelStatusTB09_1hour_XGB   , PASS  , True                  , True                     , True             , True                         , False          , False          , False         , 
ModelStatusTB09_1hour_LGBM  , PASS  , True                  , True                     , True             , True                         , False          , False          , False         , 
ModelStatusTB09_6hour_Ridge , PASS  , True                  , True                     , True             , True                         , False          , False          , False         , 
ModelStatusTB09_6hour_XGB   , PASS  , True                  , True                     , True             , True                         , False          , False          , False         , 
ModelStatusTB09_6hour_LGBM  , PASS  , True                  , True                     , True             , True                         , False          , False          , False         , 
ModelStatusTB09_24hour_Ridge, PASS  , True                  , True                     , True             , True                         , False          , False          , False         , 
ModelStatusTB09_24hour_XGB  , PASS  , True                  , True                     , True             , True                         , False          , False          , False         , 
ModelStatusTB09_24hour_LGBM , PASS  , True                  , True                     , True             , True                         , False          , False          , False         , 
ModelStatusTB10_10min_Ridge , PASS  , True                  , True                     , True             , True                         , False          , False          , False         , 
ModelStatusTB10_10min_XGB   , PASS  , True                  , True                     , True             , True                         , False          , False          , False         , 
ModelStatusTB10_10min_LGBM  , PASS  , True                  , True                     , True             , True                         , False          , False          , False         , 
ModelStatusTB10_30min_Ridge , PASS  , True                  , True                     , True             , True                         , False          , False          , False         , 
ModelStatusTB10_30min_XGB   , PASS  , True                  , True                     , True             , True                         , False          , False          , False         , 
ModelStatusTB10_30min_LGBM  , PASS  , True                  , True                     , True             , True                         , False          , False          , False         , 
ModelStatusTB10_1hour_Ridge , PASS  , True                  , True                     , True             , True                         , False          , False          , False         , 
ModelStatusTB10_1hour_XGB   , PASS  , True                  , True                     , True             , True                         , False          , False          , False         , 
ModelStatusTB10_1hour_LGBM  , PASS  , True                  , True                     , True             , True                         , False          , False          , False         , 
ModelStatusTB10_6hour_Ridge , PASS  , True                  , True                     , True             , True                         , False          , False          , False         , 
ModelStatusTB10_6hour_XGB   , PASS  , True                  , True                     , True             , True                         , False          , False          , False         , 
ModelStatusTB10_6hour_LGBM  , PASS  , True                  , True                     , True             , True                         , False          , False          , False         , 
ModelStatusTB10_24hour_Ridge, PASS  , True                  , True                     , True             , True                         , False          , False          , False         , 
ModelStatusTB10_24hour_XGB  , PASS  , True                  , True                     , True             , True                         , False          , False          , False         , 
ModelStatusTB10_24hour_LGBM , PASS  , True                  , True                     , True             , True                         , False          , False          , False         , 
ModelStatusTB11_10min_Ridge , PASS  , True                  , True                     , True             , True                         , False          , False          , False         , 
ModelStatusTB11_10min_XGB   , PASS  , True                  , True                     , True             , True                         , False          , False          , False         , 
ModelStatusTB11_10min_LGBM  , PASS  , True                  , True                     , True             , True                         , False          , False          , False         , 
ModelStatusTB11_30min_Ridge , PASS  , True                  , True                     , True             , True                         , False          , False          , False         , 
ModelStatusTB11_30min_XGB   , PASS  , True                  , True                     , True             , True                         , False          , False          , False         , 
ModelStatusTB11_30min_LGBM  , PASS  , True                  , True                     , True             , True                         , False          , False          , False         , 
ModelStatusTB11_1hour_Ridge , PASS  , True                  , True                     , True             , True                         , False          , False          , False         , 
ModelStatusTB11_1hour_XGB   , PASS  , True                  , True                     , True             , True                         , False          , False          , False         , 
ModelStatusTB11_1hour_LGBM  , PASS  , True                  , True                     , True             , True                         , False          , False          , False         , 
ModelStatusTB11_6hour_Ridge , PASS  , True                  , True                     , True             , True                         , False          , False          , False         , 
ModelStatusTB11_6hour_XGB   , PASS  , True                  , True                     , True             , True                         , False          , False          , False         , 
ModelStatusTB11_6hour_LGBM  , PASS  , True                  , True                     , True             , True                         , False          , False          , False         , 
ModelStatusTB11_24hour_Ridge, PASS  , True                  , True                     , True             , True                         , False          , False          , False         , 
ModelStatusTB11_24hour_XGB  , PASS  , True                  , True                     , True             , True                         , False          , False          , False         , 
ModelStatusTB11_24hour_LGBM , PASS  , True                  , True                     , True             , True                         , False          , False          , False         , 
ModelStatusTB12_10min_Ridge , PASS  , True                  , True                     , True             , True                         , False          , False          , False         , 
ModelStatusTB12_10min_XGB   , PASS  , True                  , True                     , True             , True                         , False          , False          , False         , 
ModelStatusTB12_10min_LGBM  , PASS  , True                  , True                     , True             , True                         , False          , False          , False         , 
ModelStatusTB12_30min_Ridge , PASS  , True                  , True                     , True             , True                         , False          , False          , False         , 
ModelStatusTB12_30min_XGB   , PASS  , True                  , True                     , True             , True                         , False          , False          , False         , 
ModelStatusTB12_30min_LGBM  , PASS  , True                  , True                     , True             , True                         , False          , False          , False         , 
ModelStatusTB12_1hour_Ridge , PASS  , True                  , True                     , True             , True                         , False          , False          , False         , 
ModelStatusTB12_1hour_XGB   , PASS  , True                  , True                     , True             , True                         , False          , False          , False         , 
ModelStatusTB12_1hour_LGBM  , PASS  , True                  , True                     , True             , True                         , False          , False          , False         , 
ModelStatusTB12_6hour_Ridge , PASS  , True                  , True                     , True             , True                         , False          , False          , False         , 
ModelStatusTB12_6hour_XGB   , PASS  , True                  , True                     , True             , True                         , False          , False          , False         , 
ModelStatusTB12_6hour_LGBM  , PASS  , True                  , True                     , True             , True                         , False          , False          , False         , 
ModelStatusTB12_24hour_Ridge, PASS  , True                  , True                     , True             , True                         , False          , False          , False         , 
ModelStatusTB12_24hour_XGB  , PASS  , True                  , True                     , True             , True                         , False          , False          , False         , 
ModelStatusTB12_24hour_LGBM , PASS  , True                  , True                     , True             , True                         , False          , False          , False         , 
ModelStatusFarm_10min_Ridge , PASS  , True                  , True                     , True             , True                         , False          , False          , False         , 
ModelStatusFarm_10min_XGB   , PASS  , True                  , True                     , True             , True                         , False          , False          , False         , 
ModelStatusFarm_10min_LGBM  , PASS  , True                  , True                     , True             , True                         , False          , False          , False         , 
ModelStatusFarm_30min_Ridge , PASS  , True                  , True                     , True             , True                         , False          , False          , False         , 
ModelStatusFarm_30min_XGB   , PASS  , True                  , True                     , True             , True                         , False          , False          , False         , 
ModelStatusFarm_30min_LGBM  , PASS  , True                  , True                     , True             , True                         , False          , False          , False         , 
ModelStatusFarm_1hour_Ridge , PASS  , True                  , True                     , True             , True                         , False          , False          , False         , 
ModelStatusFarm_1hour_XGB   , PASS  , True                  , True                     , True             , True                         , False          , False          , False         , 
ModelStatusFarm_1hour_LGBM  , PASS  , True                  , True                     , True             , True                         , False          , False          , False         , 
ModelStatusFarm_6hour_Ridge , PASS  , True                  , True                     , True             , True                         , False          , False          , False         , 
ModelStatusFarm_6hour_XGB   , PASS  , True                  , True                     , True             , True                         , False          , False          , False         , 
ModelStatusFarm_6hour_LGBM  , PASS  , True                  , True                     , True             , True                         , False          , False          , False         , 
ModelStatusFarm_24hour_Ridge, PASS  , True                  , True                     , True             , True                         , False          , False          , False         , 
ModelStatusFarm_24hour_XGB  , PASS  , True                  , True                     , True             , True                         , False          , False          , False         , 
ModelStatusFarm_24hour_LGBM , PASS  , True                  , True                     , True             , True                         , False          , False          , False         , 
